source,rank,headline,link,collected_at_iso
Indian Express,1,Trending in India,https://indianexpress.com/section/trending/trending-in-india/,2026-04-24T02:38:40+00:00
Indian Express,2,This is Serious,https://indianexpress.com/section/trending/this-is-serious/,2026-04-24T02:38:40+00:00
Indian Express,3,Top 10 richest countries in 2026,https://indianexpress.com/article/trending/top-10-listing/top-10-richest-countries-in-the-world-in-2026-gdp-hellosafe-prosperity-index-10652303/,2026-04-24T02:38:40+00:00
Indian Express,4,Diet Coke shortage in India,https://indianexpress.com/article/trending/trending-in-india/diet-coke-shortage-india-viral-memes-middle-east-crisis-aluminium-prices-10652248/,2026-04-24T02:38:40+00:00
Indian Express,5,Sridham Vembu IIT classmate,https://indianexpress.com/article/trending/trending-in-india/sridhar-vembu-iit-madras-classmate-raju-narayana-swamy-ias-32-transfers-in-34-years-10652033/,2026-04-24T02:38:40+00:00
Indian Express,6,MS Dhoni Bihari accent viral video,https://indianexpress.com/article/trending/trending-in-india/ms-dhoni-bihari-accent-camera-shy-viral-video-deepak-chahar-mi-vs-csk-ipl-2026-10651725/,2026-04-24T02:38:40+00:00
Indian Express,7,Boston Marathon viral video,https://indianexpress.com/article/trending/trending-globally/boston-marathon-2-runners-help-collapsing-ajay-haridasse-finish-viral-video-10651533/,2026-04-24T02:38:40+00:00
Indian Express,8,200 tourists stuck Rio de Janeiro tourist spot,https://indianexpress.com/article/trending/trending-globally/200-tourists-trapped-atop-rio-de-janeiro-iconic-peak-viral-video-10651441/,2026-04-24T02:38:40+00:00
Indian Express,9,PM Modi said such achievements highlight the growing global recognition of India’s artisanal dairy sector,https://indianexpress.com/article/trending/trending-globally/indian-cheese-4-medals-pm-modi-post-10651328/,2026-04-24T02:38:40+00:00
Indian Express,10,Top 10 countries with the highest IQ in the world 2026,https://indianexpress.com/article/trending/top-10-listing/top-10-countries-with-the-highest-iq-in-the-world-2026-10650556/,2026-04-24T02:38:40+00:00
Indian Express,11,MAGA AI influencer Emily Hart,https://indianexpress.com/article/trending/trending-globally/indian-medical-student-ai-maga-influencer-emily-hart-scam-10650490/,2026-04-24T02:38:40+00:00
Indian Express,12,Bengaluru heatwave hotel AC viral video,https://indianexpress.com/article/trending/trending-in-india/bengaluru-heatwave-woman-books-hotel-for-ac-viral-video-10650164/,2026-04-24T02:38:40+00:00
Indian Express,13,influencer Klaudia Glam run over by Mercedes in London,https://indianexpress.com/article/trending/trending-globally/influencer-rielleuk-gabrielle-carrington-charged-attempted-murder-klaudiaglam-london-crash-mercedes-viral-video-10649959/,2026-04-24T02:38:40+00:00
Indian Express,14,Indian tourists Bali hotel,https://indianexpress.com/article/trending/trending-in-india/indian-tourists-bali-hotel-theft-controversy-viral-video-asvara-resort-ubud-10649867/,2026-04-24T02:38:40+00:00
Indian Express,15,The woman also said that she eats pani puris twice a week and has even bought a pani puri kit,https://indianexpress.com/article/trending/trending-in-india/japanese-woman-hooked-on-pani-puri-plans-to-open-shop-10649667/,2026-04-24T02:38:40+00:00
Indian Express,16,"Sundar Pichai also welcomed the incoming CEO, John Ternus",https://indianexpress.com/article/trending/trending-globally/sundar-pichai-praises-tim-cook-as-he-steps-down-as-apple-ceo-10649403/,2026-04-24T02:38:40+00:00
Indian Express,17,Top 10 largest economies in the world in 2026,https://indianexpress.com/article/trending/top-10-listing/top-10-largest-economies-in-the-world-in-2026-usa-china-india-gdp-10648610/,2026-04-24T02:38:40+00:00
Indian Express,18,Varanasi horror restaurant video,https://indianexpress.com/article/trending/trending-in-india/varanasi-kankal-horror-restaurant-viral-video-child-distressed-backlash-10648554/,2026-04-24T02:38:40+00:00
Indian Express,19,Y Combinator Startup School India Bengaluru,https://indianexpress.com/article/trending/trending-in-india/y-combinator-ankit-gupta-security-guard-student-startup-bengaluru-10648377/,2026-04-24T02:38:40+00:00
Indian Express,20,tiger enters audience Russia circus,https://indianexpress.com/article/trending/trending-globally/tiger-enters-audience-russia-circus-viral-video-rostov-on-don-probe-10648252/,2026-04-24T02:38:40+00:00
Indian Express,21,Arunachal broom viral video,https://indianexpress.com/article/trending/trending-in-india/arunachal-pradesh-broom-viral-video-delhi-tenant-landlord-relationship-10647950/,2026-04-24T02:38:40+00:00
Indian Express,22,toddler cancer survivor flight celebration,https://indianexpress.com/article/trending/trending-globally/flight-passenger-celebrate-2-year-old-kid-cancer-recovery-pen-heartfelt-notes-on-napkins-10647650/,2026-04-24T02:38:40+00:00
Indian Express,23,Pakistani label uses AI-generated images of Alia Bhatt,https://indianexpress.com/article/trending/trending-in-india/pakistani-brand-uses-ai-images-of-alia-bhatt-to-promote-new-collection-faces-backlash-10647614/,2026-04-24T02:38:40+00:00
Indian Express,24,Brazilian fitness influencer death,https://indianexpress.com/article/trending/trending-globally/brazilian-influencer-mara-flavia-souza-araujo-drowns-at-ironman-texas-after-poignant-last-post-10647487/,2026-04-24T02:38:40+00:00
Indian Express,25,Whale sharks feed on plankton,https://indianexpress.com/article/trending/trending-globally/whale-shark-nudges-swimmer-in-viral-underwater-video-in-philippines-10646504/,2026-04-24T02:38:40+00:00
Indian Express,26,"The 73-year-old was seen trying paragliding in Bir Billing, Himachal Pradesh",https://indianexpress.com/article/trending/trending-in-india/73-year-old-woman-paragliding-bir-billing-viral-video-10646476/,2026-04-24T02:38:40+00:00
Indian Express,27,Brianna Avalos was celebrating her 10th wedding anniversary with her husband during the ride,https://indianexpress.com/article/trending/trending-globally/hot-air-balloon-makes-emergency-landing-at-california-house-backyard-10646384/,2026-04-24T02:38:40+00:00
LiveMint,1,David Wilcock harassed by 'cyber-stalkers'? Corey Goode drops shocking claims,https://www.livemint.com/us/trending/ufo-expert-david-wilcock-harassed-by-cyber-stalkers-corey-goode-drops-shocking-claims-after-his-death-11776888810059.html,2026-04-24T02:38:40+00:00
LiveMint,2,"David Wilcock death: Friend shares final moments, reveals he was ‘misunderstood'",https://www.livemint.com/us/trending/david-wilcock-death-best-friend-shares-final-moments-reveals-he-was-excited-about-the-future-11776886359815.html,2026-04-24T02:38:40+00:00
LiveMint,3,Padres sign Lucas Giolito: Veteran pitcher joins San Diego rotation,https://www.livemint.com/us/trending/padres-sign-lucas-giolito-to-one-year-deal-veteran-pitcher-joins-san-diego-rotation-amid-injury-woes-mlb-baseball-11776879659418.html,2026-04-24T02:38:40+00:00
LiveMint,4,FIFA World Cup tickets: Last-minute sales reopen just 50 days before kick-off,https://www.livemint.com/us/trending/fifa-world-cup-tickets-last-minute-sales-reopen-for-all-104-matches-just-50-days-before-kick-off-football-2026-11776873249712.html,2026-04-24T02:38:40+00:00
LiveMint,5,Jude Bellingham reveals why he bought stake in The Hundred's Birmingham Phoenix,https://www.livemint.com/us/trending/jude-bellingham-birmingham-phoenix-the-hundred-investment-reason-cricket-real-madrid-11776867634181.html,2026-04-24T02:38:40+00:00
LiveMint,6,"Fans use blowtorches, hammers on Drake’s ice installation teasing new album",https://www.livemint.com/us/trending/watch-fans-climb-hammer-ice-block-in-toronto-as-drake-teases-iceman-album-release-11776797196268.html,2026-04-24T02:38:40+00:00
LiveMint,7,Jude Bellingham buys stake in Birmingham Phoenix; check details,https://www.livemint.com/us/trending/jude-bellingham-buys-stake-in-birmingham-phoenix-real-madrid-star-invests-in-the-hundred-cricket-franchise-11776795110823.html,2026-04-24T02:38:40+00:00
LiveMint,8,Dunkin' is giving away 1 million free coffees today — Here’s how to claim yours,https://www.livemint.com/us/trending/dunkin-is-giving-away-1-million-free-coffees-today-here-s-how-to-claim-yours-11776780641113.html,2026-04-24T02:38:40+00:00
LiveMint,9,Brandon Aubrey contract: Cowboys kicker agrees to record-setting extension,https://www.livemint.com/us/trending/brandon-aubrey-contract-dallas-cowboys-kicker-agrees-to-record-setting-four-year-28-million-extension-11776713548198.html,2026-04-24T02:38:40+00:00
LiveMint,10,Pep Guardiola gets emotional as Bernardo Silva set to leave Manchester City,https://www.livemint.com/us/trending/pep-guardiola-gets-emotional-as-bernardo-silva-set-to-leave-manchester-city-part-of-myself-is-leaving-too-11776628502818.html,2026-04-24T02:38:40+00:00
LiveMint,11,Cristiano Ronaldo powers Al Nassr into AFC Champions League Two semifinals,https://www.livemint.com/us/trending/cristiano-ronaldo-goal-al-nassr-into-afc-champions-league-two-semifinals-as-saudi-pro-league-title-race-heats-up-11776617844239.html,2026-04-24T02:38:40+00:00
LiveMint,12,"Nathalie Baye, Catch Me If You Can actor, dies at 77 after dementia diagnosis",https://www.livemint.com/us/trending/nathalie-baye-catch-me-if-you-can-actor-dies-at-77-after-dementia-diagnosis-11776543953895.html,2026-04-24T02:38:40+00:00
LiveMint,13,"John Cena opens up on living in car before success, growing up in debt",https://www.livemint.com/us/trending/john-cena-opens-up-on-living-in-car-before-success-growing-up-in-debt-11776532186627.html,2026-04-24T02:38:40+00:00
LiveMint,14,"US Influencer faces backlash after running over toddler, sharing incident online",https://www.livemint.com/us/trending/us-influencer-accidentally-runs-over-23-month-old-son-internet-questions-post-says-attention-is-the-new-currency-11776454890604.html,2026-04-24T02:38:40+00:00
LiveMint,15,Kyle Cooke and Meghan King spotted kissing after Page Six party in NYC,https://www.livemint.com/us/trending/kyle-cooke-and-meghan-king-spotted-kissing-after-page-six-party-in-nyc-11776445679672.html,2026-04-24T02:38:40+00:00
LiveMint,16,Garret Anderson dies at 53: What we know about Angels Legend’s sudden passing,https://www.livemint.com/us/trending/garret-anderson-dies-at-53-what-we-know-about-angels-legend-s-sudden-passing-11776444818255.html,2026-04-24T02:38:40+00:00
LiveMint,17,"Cher seeks conservatorship for son Allman, flags drug, financial troubles",https://www.livemint.com/us/trending/cher-seeks-conservatorship-for-son-elijah-blue-allman-flags-drug-financial-troubles-report-11776439352370.html,2026-04-24T02:38:40+00:00
LiveMint,18,Donald Trump breaks silence after viral $100 tip to DoorDash Grandma,https://www.livemint.com/us/trending/donald-trump-breaks-silence-after-viral-100-tip-to-doordash-grandma-on-mcdonald-delivery-11776388215903.html,2026-04-24T02:38:40+00:00
LiveMint,19,American Pie star Shannon Elizabeth joins OnlyFans: ‘This is the future',https://www.livemint.com/us/trending/shannon-elizabeth-of-american-pie-to-join-onlyfans-hollywood-controlled-my-career-11776371145744.html,2026-04-24T02:38:40+00:00
LiveMint,20,Mark to Market,https://www.livemint.com/market/mark-to-market,2026-04-24T02:38:40+00:00
LiveMint,21,"Stocks to watch: Infosys, Cyient, Adani Energy, RIL, LTIMindtree, among top shares in focus today",https://www.livemint.com/market/stock-market-news/stocks-to-watch-infosys-cyient-adani-energy-ril-ltimindtree-iex-reliance-among-top-shares-in-focus-today-11776996892888.html,2026-04-24T02:38:40+00:00
LiveMint,22,"Sensex, Nifty 50 | Stock Market LIVE Updates: Gift Nifty signals positive start for Indian market; RIL, Infosys in focus",https://www.livemint.com/market/stock-market-news/stock-market-sensex-nifty-50-live-gift-nifty-us-iran-war-crude-oil-prices-gold-rate-today-infosys-reliance-24-april-2026-11776997158404.html,2026-04-24T02:38:40+00:00
LiveMint,23,"Raja Venkatraman, MarketSmith recommend five stocks for 24 April",https://www.livemint.com/market/stock-market-news/raja-venkatraman-marketsmith-recommend-five-stocks-for-24-april-gift-nifty-nifty-50-sensex-11776994654271.html,2026-04-24T02:38:40+00:00
LiveMint,24,"Nifty 50, Sensex prediction today: Check how Indian stock market is expected to trade on 24 April",https://www.livemint.com/market/stock-market-news/nifty-50-sensex-prediction-today-check-how-indian-stock-market-is-expected-to-trade-on-24-april-11776995045227.html,2026-04-24T02:38:40+00:00
LiveMint,25,Buy or sell: Vaishali Parekh recommends three stocks to buy today — 24 April 2026,https://www.livemint.com/market/stock-market-news/buy-or-sell-vaishali-parekh-recommends-three-stocks-to-buy-today-24-april-2026-11776992468173.html,2026-04-24T02:38:40+00:00
LiveMint,26,"From Gift Nifty, Iran war, oil price to Infosys Q4 results: 10 key things that changed for Indian stock market overnight",https://www.livemint.com/market/stock-market-news/from-gift-nifty-iran-war-oil-price-to-infosys-q4-results-10-key-things-that-changed-for-indian-stock-market-overnight-11776993950018.html,2026-04-24T02:38:40+00:00
LiveMint,27,"Why did Trump fire Navy Secretary John Phelan? US President says, ‘Some people liked him, some people didn't’",https://www.livemint.com/news/us-news/why-did-trump-fire-navy-secretary-john-phelan-us-president-says-some-people-liked-him-some-people-didnt-11776992337400.html,2026-04-24T02:38:40+00:00
LiveMint,28,UP Anti-Terror Squad arrests two linked to Pakistan-based ISI; used social media to radicalise youth,https://www.livemint.com/news/india/up-anti-terror-squad-arrests-two-linked-to-pakistan-based-isi-used-social-media-to-radicalise-youth-11776994481301.html,2026-04-24T02:38:40+00:00
LiveMint,29,Trump's $1 million ‘gold card’ visa granted to only 1 person — Lutnick says ‘hundreds in queue’,https://www.livemint.com/news/us-news/trumps-1-million-gold-card-visa-granted-to-only-1-person-lutnick-says-hundreds-in-queue-11776991633296.html,2026-04-24T02:38:40+00:00
LiveMint,30,"Iran President Masoud Pezeshkian dismisses Donald Trump's claim of Tehran's internal rift: ‘With iron unity, we will….’",https://www.livemint.com/news/world/iran-president-masoud-pezeshkian-dismisses-donald-trumps-claim-of-tehrans-internal-rift-with-iron-unity-we-will-11776991341531.html,2026-04-24T02:38:40+00:00
LiveMint,31,‘Remarks are obviously inappropriate and in poor taste’: India after Trump's ‘hell-hole’ post,https://www.livemint.com/news/world/remarks-are-obviously-inappropriate-and-in-poor-taste-india-after-trumps-hell-hole-post-11776990557223.html,2026-04-24T02:38:40+00:00
LiveMint,32,Salary Impact Tracker,https://www.livemint.com/tools-calculators/salary-impact-tracker,2026-04-24T02:38:40+00:00
LiveMint,33,Mahindra-backed Classic Legends revs up premium bike push with new launches,https://www.livemint.com/companies/news/turnaround-hint-mahindra-premium-bike-brand-doubles-down-product-offensive-growth-classic-legends-11776947660569.html,2026-04-24T02:38:40+00:00
LiveMint,34,Musk sounds cautious tone on robotaxis amid slower-than-expected rollout,https://www.livemint.com/companies/musk-sounds-cautious-tone-on-robotaxis-amid-slower-than-expected-rollout-11776975062776.html,2026-04-24T02:38:40+00:00
LiveMint,35,"Meta, Microsoft Look to Trim Workforces Amid Heavy AI Spending",https://www.livemint.com/companies/meta-microsoft-look-to-trim-workforces-amid-heavy-ai-spending-11776970430508.html,2026-04-24T02:38:40+00:00
LiveMint,36,"Ryan Roslansky steps down as LinkedIn CEO, signals next phase under Satya Nadella’s AI push",https://www.livemint.com/companies/people/ryan-roslansky-steps-down-as-linkedin-ceo-signals-next-phase-under-satya-nadella-s-ai-push-11776962227046.html,2026-04-24T02:38:40+00:00
LiveMint,37,Reliance Enterprise Intelligence appoints Parminder Singh as Chief Executive Officer,https://www.livemint.com/companies/news/reliance-enterprise-intelligence-appoints-parminder-singh-as-chief-executive-officer-11776960884194.html,2026-04-24T02:38:40+00:00
LiveMint,38,IKS Health acquires TruBridge Inc for upto $565 million,https://www.livemint.com/companies/news/iks-health-trubridge-acquisition-us-healthcare-technology-expansion-saas-ehr-11776957378386.html,2026-04-24T02:38:40+00:00
LiveMint,39,Ask Mint Money,https://www.livemint.com/money/ask-mint-money,2026-04-24T02:38:40+00:00
LiveMint,40,"New online gaming rules come into effect from May: Here's what changes for you, how money games are impacted",https://www.livemint.com/money/personal-finance/new-online-gaming-rules-come-into-effect-from-may-heres-what-changes-for-you-how-money-games-are-impacted-11776966332925.html,2026-04-24T02:38:40+00:00
LiveMint,41,"Income-tax returns: What is the difference between exemption, deduction and tax rebate when filing ITR?",https://www.livemint.com/money/personal-finance/incometax-returns-what-is-the-difference-between-exemption-deduction-and-tax-rebate-when-filing-itr-11776963253000.html,2026-04-24T02:38:40+00:00
LiveMint,42,I-T slabs: Check tax rates for old and tax regime amid changes to salary breakup due to new labour laws,https://www.livemint.com/money/personal-finance/it-slabs-check-tax-rates-for-old-and-tax-regime-amid-changes-to-salary-breakup-due-to-new-labour-laws-11776958357392.html,2026-04-24T02:38:40+00:00
LiveMint,43,"How multi-asset funds use smart diversification in equity, debt and gold for stable growth",https://www.livemint.com/money/personal-finance/how-multi-asset-funds-use-smart-diversification-across-equity-debt-old-to-deliver-stability-and-growth-in-volatil-11776949851771.html,2026-04-24T02:38:40+00:00
LiveMint,44,"Top 5 fixed income options for senior citizens: Check interest rates, payout, key highlights",https://www.livemint.com/money/personal-finance/top-5-fixed-income-options-for-senior-citizens-check-interest-rates-payout-key-highlights-11776943772034.html,2026-04-24T02:38:40+00:00
LiveMint,45,"India’s new labour codes decoded: Early impact, key shifts and what lies ahead",https://www.livemint.com/money/personal-finance/indias-new-labour-codes-decoded-early-impact-key-shifts-and-what-lies-ahead-11776940427943.html,2026-04-24T02:38:40+00:00
LiveMint,46,GPT-5.5 launched: OpenAI says ChatGPT can now debug code and operate software,https://www.livemint.com/technology/tech-news/gpt55-launched-openai-says-chatgpt-can-now-debug-code-and-operate-software-11776991669505.html,2026-04-24T02:38:40+00:00
LiveMint,47,Singapore emerging as neutral ground as AI firms navigate Sino-US rivalry,https://www.livemint.com/technology/singapore-emerging-as-neutral-ground-as-ai-firms-navigate-sino-us-rivalry-11776990691733.html,2026-04-24T02:38:40+00:00
LiveMint,48,India needs digital identity for every device and stronger AI-led cyber defence to curb threats: Experts,https://www.livemint.com/technology/india-needs-digital-identity-for-every-device-and-stronger-ai-led-cyber-defence-to-curb-threats-experts-11776951208130.html,2026-04-24T02:38:40+00:00
LiveMint,49,Turkish parliament passes bill to restrict social media access for under-15s,https://www.livemint.com/technology/turkish-parliament-passes-bill-to-restrict-social-media-access-for-under15s-11776931951392.html,2026-04-24T02:38:40+00:00
LiveMint,50,One Tech Tip: Logging on at a cafe? Privacy and security guidelines for remote workers,https://www.livemint.com/technology/one-tech-tip-logging-on-at-a-cafe-privacy-and-security-guidelines-for-remote-workers-11776917150057.html,2026-04-24T02:38:40+00:00
LiveMint,51,A robot is beating human pros at table tennis. Its maker calls it a milestone for machines,https://www.livemint.com/technology/a-robot-is-beating-human-pros-at-table-tennis-its-maker-calls-it-a-milestone-for-machines-11776870155462.html,2026-04-24T02:38:40+00:00
LiveMint,52,IPL 2026 Schedule,https://www.livemint.com/sports/cricket-news/ipl-schedule,2026-04-24T02:38:40+00:00
LiveMint,53,Orange Cap in IPL 2026,https://www.livemint.com/sports/cricket-news/ipl-orange-cap,2026-04-24T02:38:40+00:00
LiveMint,54,Purple Cap in IPL 2026,https://www.livemint.com/sports/cricket-news/ipl-purple-cap,2026-04-24T02:38:40+00:00
LiveMint,55,IPL 2026 Points Table,https://www.livemint.com/sports/cricket-news/ipl-points-table,2026-04-24T02:38:40+00:00
LiveMint,56,UP Board 10th Result Live,https://www.livemint.com/education/up-board-10th-result-live-upmsp-results-edu-link-direct-toppers-class-merit-list-11776934471269.html,2026-04-24T02:38:40+00:00
LiveMint,57,UP Board 12th Result Live,https://www.livemint.com/education/upmsp-up-board-result-2026-live-updates-uttar-pradesh-10th-12th-results-direct-link-toppers-list-11776907414155.html,2026-04-24T02:38:40+00:00
LiveMint,58,IFSC Code Finder,https://www.livemint.com/ifsc-code,2026-04-24T02:38:40+00:00
LiveMint,59,Income Tax Calculator,https://www.livemint.com/tools-calculators/income-tax-calculator,2026-04-24T02:38:40+00:00
LiveMint,60,Gold Rate Today,https://www.livemint.com/gold-prices,2026-04-24T02:38:40+00:00
LiveMint,61,Gold Rate in Delhi,https://www.livemint.com/gold-prices/delhi,2026-04-24T02:38:40+00:00
LiveMint,62,Gold Rate Hyderabad,https://www.livemint.com/gold-prices/hyderabad,2026-04-24T02:38:40+00:00
LiveMint,63,Silver Rate Today,https://www.livemint.com/silver-prices,2026-04-24T02:38:40+00:00
LiveMint,64,Silver Rate in Delhi,https://www.livemint.com/silver-prices/delhi,2026-04-24T02:38:40+00:00
LiveMint,65,Silver Rate in Bangalore,https://www.livemint.com/silver-prices/bangalore,2026-04-24T02:38:40+00:00
LiveMint,66,US Stock Market,https://www.livemint.com/market/us-market,2026-04-24T02:38:40+00:00
LiveMint,67,Terms of Use,https://www.livemint.com/terms-of-use,2026-04-24T02:38:40+00:00
LiveMint,68,Code of ethics,https://www.livemint.com/code-of-ethics,2026-04-24T02:38:40+00:00
LiveMint,69,Stock Market Today,https://www.livemint.com/market/stock-market-news/stock-market-sensex-nifty-50-live-updates-gift-nifty-20-april-2026-us-iran-war-crude-oil-prices-gold-rate-today-silver-11776651995951.html,2026-04-24T02:38:40+00:00
LiveMint,70,MCX Gold Rate,https://www.livemint.com/market/market-stats/commodity-mcx-gold-price,2026-04-24T02:38:40+00:00
LiveMint,71,MCX Silver Price,https://www.livemint.com/market/market-stats/commodity-mcx-silver-price,2026-04-24T02:38:40+00:00
LiveMint,72,Gold Price in Mumbai,https://www.livemint.com/gold-prices/mumbai,2026-04-24T02:38:40+00:00
LiveMint,73,Gold Price in Chennai,https://www.livemint.com/gold-prices/chennai,2026-04-24T02:38:40+00:00
LiveMint,74,Gold Price in Kolkata,https://www.livemint.com/gold-prices/kolkata,2026-04-24T02:38:40+00:00
LiveMint,75,Silver Price in Mumbai,https://www.livemint.com/silver-prices/mumbai,2026-04-24T02:38:40+00:00
LiveMint,76,Silver Price in Chennai,https://www.livemint.com/silver-prices/chennai,2026-04-24T02:38:40+00:00
LiveMint,77,Silver Price in Hyderabad,https://www.livemint.com/silver-prices/hyderabad,2026-04-24T02:38:40+00:00
LiveMint,78,Silver Price in Kolkata,https://www.livemint.com/silver-prices/kolkata,2026-04-24T02:38:40+00:00
LiveMint,79,Latest News Today,https://www.livemint.com/news,2026-04-24T02:38:40+00:00
LiveMint,80,US News Today,https://www.livemint.com/news/us-news,2026-04-24T02:38:40+00:00
LiveMint,81,Top Company Leader,https://www.livemint.com/companies/people,2026-04-24T02:38:40+00:00
LiveMint,82,personal loan emi calculator,https://www.livemint.com/loans/personal-loan-emi-calculator,2026-04-24T02:38:40+00:00
LiveMint,83,Personal Loan Interest Rate,https://www.livemint.com/loans/personal-loan-interest-rates,2026-04-24T02:38:40+00:00
LiveMint,84,Personal Loan Eligibility,https://www.livemint.com/loans/personal-loan-eligibility,2026-04-24T02:38:40+00:00
LiveMint,85,Instant Personal Loan,https://www.livemint.com/loans/instant-personal-loan,2026-04-24T02:38:40+00:00
LiveMint,86,Home Loan EMI Calculator,https://www.livemint.com/tools-calculators/home-loan-emi-calculator,2026-04-24T02:38:40+00:00
LiveMint,87,Car Loan EMI,https://www.livemint.com/tools-calculators/car-loan-calculator,2026-04-24T02:38:40+00:00
India Today,1,"Mumbai man steps in for sick stray dog, cycles her to treatment. Video goes viral",https://www.indiatoday.in/trending-news/story/mumbai-man-steps-in-for-sick-stray-dog-cycles-her-to-treatment-video-goes-viral-2900622-2026-04-23,2026-04-24T02:38:40+00:00
India Today,2,Calm or chaos? Foreigner's take on Bengaluru 'myths' sparks debate,https://www.indiatoday.in/trending-news/story/calm-or-chaos-foreigners-take-on-bengaluru-myths-sparks-debate-2900612-2026-04-23,2026-04-24T02:38:40+00:00
India Today,3,"Jharkhand's Dalma sanctuary constructs pool for baby elephant, tourists thrilled",https://www.indiatoday.in/trending-news/story/jharkhands-dalma-sanctuary-constructs-pool-for-baby-elephant-tourists-thrilled-2900596-2026-04-23,2026-04-24T02:38:40+00:00
India Today,4,This homeless street musician's night performance in Kolkata is hard to ignore,https://www.indiatoday.in/trending-news/story/this-homeless-street-musicians-night-performance-in-kolkata-is-hard-to-ignore-2900578-2026-04-23,2026-04-24T02:38:40+00:00
India Today,5,"Non-resident Bengali's fiery post fuels debate on Bengal's economy, jobs amid polls",https://www.indiatoday.in/trending-news/story/west-bengal-elections-non-resident-bengali-fiery-post-fuels-debate-bengal-economy-jobs-amid-polls-2900511-2026-04-23,2026-04-24T02:38:40+00:00
India Today,6,Recruiter lists 4 things candidates should stop being honest about in interviews,https://www.indiatoday.in/trending-news/story/recruiter-lists-4-things-candidates-should-stop-being-honest-about-in-interviews-2900544-2026-04-23,2026-04-24T02:38:40+00:00
India Today,7,"Candidate rejects job after interview, recruiter's reply makes internet quietly judge",https://www.indiatoday.in/trending-news/story/candidate-rejects-job-after-interview-recruiters-reply-makes-internet-quietly-judge-2900443-2026-04-23,2026-04-24T02:38:40+00:00
India Today,8,Spanish woman shares 5 reasons why she would never go back to corporate life,https://www.indiatoday.in/trending-news/story/spanish-woman-shares-5-reasons-why-she-would-never-go-back-to-corporate-life-2900343-2026-04-23,2026-04-24T02:38:40+00:00
India Today,9,"Virgin, Brahmin, zero body count: Matchmaker calls out divorced IIT-ian's 'demands'",https://www.indiatoday.in/trending-news/story/virgin-brahmin-zero-body-count-matchmaker-calls-out-divorced-iit-ians-demands-2900395-2026-04-23,2026-04-24T02:38:40+00:00
India Today,10,"Mumbai man gives auto driver father a break he never took, books his first flight",https://www.indiatoday.in/trending-news/story/mumbai-man-gives-auto-driver-father-a-break-he-never-took-books-his-first-flight-2900380-2026-04-23,2026-04-24T02:38:40+00:00
India Today,11,Indian claims misbehaviour by Indian embassy official in Rome. Authorities react,https://www.indiatoday.in/trending-news/story/indian-claims-misbehaviour-by-indian-embassy-official-in-rome-authorities-react-2900313-2026-04-23,2026-04-24T02:38:40+00:00
India Today,12,IIT Kharagpur professor's birthday bash with students at home is peak pookie content,https://www.indiatoday.in/trending-news/story/iit-kharagpur-professor-birthday-bash-with-students-at-home-is-peak-pookie-content-2900344-2026-04-23,2026-04-24T02:38:40+00:00
India Today,13,"Employee asks for WFH on Saturdays, HR's 'CEO-level attitude' reply raises eyebrows",https://www.indiatoday.in/trending-news/story/employee-asks-for-wfh-on-saturdays-hrs-ceo-level-attitude-reply-raises-eyebrows-2900253-2026-04-23,2026-04-24T02:38:40+00:00
India Today,14,"Rapido driver receives dog to deliver as 'parcel', watch for instant serotonin boost",https://www.indiatoday.in/trending-news/story/rapido-driver-receives-dog-to-deliver-as-parcel-watch-for-instant-serotonin-boost-2900268-2026-04-23,2026-04-24T02:38:40+00:00
India Today,15,Finnish trainee pilots draw giant penis shapes in sky. Internet in splits,https://www.indiatoday.in/trending-news/story/finnish-trainee-pilots-draw-giant-penis-shapes-in-sky-face-action-2900105-2026-04-22,2026-04-24T02:38:40+00:00
India Today,16,Diet Coke drought has the Internet acting like it's the end of days,https://www.indiatoday.in/trending-news/story/diet-coke-drought-has-the-internet-acting-like-its-the-end-of-days-2900090-2026-04-22,2026-04-24T02:38:40+00:00
India Today,17,Viral video of 'mass murder of ants' has internet treating it like a crime scene,https://www.indiatoday.in/trending-news/story/viral-video-of-mass-murder-of-ants-has-internet-treating-it-like-a-crime-scene-2900044-2026-04-22,2026-04-24T02:38:40+00:00
India Today,18,"Varanasi tour guide speaks fluent Japanese with foreigner, video goes viral",https://www.indiatoday.in/trending-news/story/varanasi-tour-guide-speaks-fluent-japanese-with-foreigner-video-goes-viral-2899967-2026-04-22,2026-04-24T02:38:40+00:00
India Today,19,Man posing as guest at Noida wedding flees with Rs 5 lakh cash bag on camera,https://www.indiatoday.in/trending-news/story/noida-wedding-man-posing-as-guest-flees-with-rs-5-lakh-cash-bag-on-camera-cctv-video-2899954-2026-04-22,2026-04-24T02:38:40+00:00
India Today,20,Rishikesh priest's gentle gesture towards stray dog during Ganga Aarti goes viral,https://www.indiatoday.in/trending-news/story/rishikesh-priests-gentle-gesture-towards-stray-dog-during-ganga-aarti-goes-viral-2899973-2026-04-22,2026-04-24T02:38:40+00:00
India Today,21,Pitch for curbs on hospital mark-ups for medical devices,https://www.indiatoday.in/health/story/hospital-mark-ups-medical-devices-heart-valves-pacemakers-government-curbs-2900570-2026-04-24,2026-04-24T02:38:40+00:00
India Today,22,"Rihanna returns to India after 2 years, films crowd gathering around her car. Watch",https://www.indiatoday.in/entertainment/music/story/rihanna-returns-to-india-after-2-years-films-crowd-gathering-around-her-car-2900738-2026-04-24,2026-04-24T02:38:40+00:00
India Today,23,"Angered over sister’s elopement, 3 Gujarat men beat her lover to death",https://www.indiatoday.in/india/story/gujarat-rajula-murder-three-brothers-arrested-for-killing-man-over-sister-past-relationship-2900736-2026-04-24,2026-04-24T02:38:40+00:00
India Today,24,"Leo Daily Horoscope Today (Jul 23 - Aug 22), April 24, 2026: Do Not Be Deceptive, Increase Rule Compliance",https://www.indiatoday.in/horoscopes/leo/story/leo-daily-horoscope-today-april-24-2026-prediction-do-not-be-deceptive-increase-rule-compliance-2900464-2026-04-24,2026-04-24T02:38:40+00:00
India Today,25,Noida man reveals why he regrets buying Rs 1 crore 'premium' flat,https://www.indiatoday.in/trending-news/story/noida-man-reveals-why-he-regrets-buying-rs-1-crore-premium-flat-gets-eye-infection-2899416-2026-04-21,2026-04-24T02:38:40+00:00
India Today,26,"Worth Rs 100 crore, founder still travels by auto in Mumbai. Here's why",https://www.indiatoday.in/trending-news/story/worth-rs-100-crore-founder-still-travels-by-auto-in-mumbai-heres-why-2898505-2026-04-19,2026-04-24T02:38:40+00:00
India Today,27,India withdraws bid to host UN climate summit in 2028,https://www.indiatoday.in/environment/story/india-withdraws-cop33-hosting-climate-summit-2028-impact-ndc-credibility-2894315-2026-04-17,2026-04-24T02:38:40+00:00
India Today,28,"Numerology Number 1 Prediction Today, April 17, 2026: Mulank 1 individuals need to increase professional efforts, will focus on themselves",https://www.indiatoday.in/horoscopes/numerology/story/number-1-numerology-prediction-today-april-17-2026-mulank-1-individuals-need-to-increase-professional-efforts-will-focus-on-themselves-2897194-2026-04-17,2026-04-24T02:38:40+00:00
TOI ETimes,1,Salad topper recalled over salmonella risk,https://timesofindia.indiatimes.com/articleshow/130458722.cms,2026-04-24T02:38:40+00:00
TOI ETimes,2,Rebel Wilson weight loss: How she lost 36 kgs without extreme dieting - Ozempic or lifestyle?,https://timesofindia.indiatimes.com/articleshow/130457577.cms,2026-04-24T02:38:40+00:00
TOI ETimes,3,Viral: India-Australia work-life comparison sparks debate on ‘hustle culture’,https://timesofindia.indiatimes.com/articleshow/130456543.cms,2026-04-24T02:38:40+00:00
TOI ETimes,4,What is the meaning of Indian summer in the UK?,https://timesofindia.indiatimes.com/articleshow/130436405.cms,2026-04-24T02:38:40+00:00
TOI ETimes,5,This sympathetic syndrome makes Fathers feel pregnant,https://timesofindia.indiatimes.com/articleshow/130451612.cms,2026-04-24T02:38:40+00:00
TOI ETimes,6,Quotes that will make you pick up a book even if you haven’t in years,https://timesofindia.indiatimes.com/articleshow/130456862.cms,2026-04-24T02:38:40+00:00
TOI ETimes,7,'Bhooth Bangla' Day 7: Film wraps up Week 1 at Rs 135 cr globally,https://timesofindia.indiatimes.com/articleshow/130481031.cms,2026-04-24T02:38:40+00:00
TOI ETimes,8,'Dhurandhar 2' falls short of Rs 20 crore at end of week 5,https://timesofindia.indiatimes.com/articleshow/130481014.cms,2026-04-24T02:38:40+00:00
TOI ETimes,9,Harry Styles and Zoe Kravitz are ENGAGED: Reports,https://timesofindia.indiatimes.com/articleshow/130481619.cms,2026-04-24T02:38:40+00:00
TOI ETimes,10,Ram Charan once revealed wife felt uneasy with on-screen intimacy,https://timesofindia.indiatimes.com/articleshow/130481782.cms,2026-04-24T02:38:40+00:00
TOI ETimes,11,Prabhas fan brutally attacked in a theatre during 'Darling' re-release,https://timesofindia.indiatimes.com/articleshow/130481751.cms,2026-04-24T02:38:40+00:00
TOI ETimes,12,'Dhurandhar' brought people closer to cinemas': Imtiaz Ali,https://timesofindia.indiatimes.com/articleshow/130481391.cms,2026-04-24T02:38:40+00:00
TOI ETimes,13,"Amitabh Bachchan emphasizes fitness at 83, saying, 'Work on the body is prime at this age'",https://timesofindia.indiatimes.com/articleshow/130481219.cms,2026-04-24T02:38:40+00:00
TOI ETimes,14,"Rihanna RETURNS to India; blows kisses to Mumbai paparazzi shouting ""RiRi... RiRi"" - WATCH",https://timesofindia.indiatimes.com/articleshow/130481181.cms,2026-04-24T02:38:40+00:00
TOI ETimes,15,"'Ramayana': No Ranbir Kapoor and Yash battle, but fans to witness huge Ravana vs Kubera battle- Reports",https://timesofindia.indiatimes.com/articleshow/130480826.cms,2026-04-24T02:38:40+00:00
TOI ETimes,16,Kavita Paudwal: 'Anuradha Paudwal raised me as a single parent; for her to send me abroad alone at 17 was incredibly courageous’ | Exclusive,https://timesofindia.indiatimes.com/articleshow/130480848.cms,2026-04-24T02:38:40+00:00
TOI ETimes,17,"'Asha Bhosle never used struggles as an excuse': Kavita Paudwal, daughter of Anuradha Paudwal, recalls meeting the legend | Exclusive",https://timesofindia.indiatimes.com/articleshow/130478722.cms,2026-04-24T02:38:40+00:00
TOI ETimes,18,'Dhurandhar 2' BO day 36 [LIVE]: Ranveer Singh film needs Rs. 113 crore to beat 'Pushpa 2',https://timesofindia.indiatimes.com/articleshow/130463098.cms,2026-04-24T02:38:40+00:00
TOI ETimes,19,'Bhooth Bangla' BO day 7 [LIVE]: Akshay Kumar starrer sets sights on Rs. 100 crore domestic milestone,https://timesofindia.indiatimes.com/articleshow/130462516.cms,2026-04-24T02:38:40+00:00
TOI ETimes,20,‘Dhurandhar 2’ marches slowly towards Rs 1770 cr worldwide,https://timesofindia.indiatimes.com/articleshow/130454170.cms,2026-04-24T02:38:40+00:00
TOI ETimes,21,Bhooth Bangla Day 6: Akshay's film crosses Rs 127 cr globally,https://timesofindia.indiatimes.com/articleshow/130454179.cms,2026-04-24T02:38:40+00:00
TOI ETimes,22,Animal Preview: Ranbir Kapoor and Sandeep Reddy Vanga are set to shake up the box office hierarchy,https://timesofindia.indiatimes.com/articleshow/105615612.cms,2026-04-24T02:38:40+00:00
TOI ETimes,23,Tu Jhoothi Main Makkaar,https://timesofindia.indiatimes.com/articleshow/98272134.cms,2026-04-24T02:38:40+00:00
TOI ETimes,24,Khatron Ke Khiladi 15: Vivian Dsena in talks to join new season?,https://timesofindia.indiatimes.com/articleshow/130481058.cms,2026-04-24T02:38:40+00:00
TOI ETimes,25,Laughter Chefs 3: Bharti Singh quashes off-air rumours,https://timesofindia.indiatimes.com/articleshow/130477203.cms,2026-04-24T02:38:40+00:00
TOI ETimes,26,Karan clarifies says spirituality won’t end his career,https://timesofindia.indiatimes.com/articleshow/130471425.cms,2026-04-24T02:38:40+00:00
TOI ETimes,27,Rashami On Settling Down: says love and family now matter more,https://timesofindia.indiatimes.com/articleshow/130470282.cms,2026-04-24T02:38:40+00:00
TOI ETimes,28,Rishita Kothari Breaks Silence: Actor posts note on trolling,https://timesofindia.indiatimes.com/articleshow/130468640.cms,2026-04-24T02:38:40+00:00
TOI ETimes,29,The pantry secret that erases years of tea and coffee build-up from your mugs,https://timesofindia.indiatimes.com/articleshow/130459735.cms,2026-04-24T02:38:40+00:00
TOI ETimes,30,Beyond the scrub: The new science of lifting oil stains without harsh chemicals,https://timesofindia.indiatimes.com/articleshow/130459377.cms,2026-04-24T02:38:40+00:00
TOI ETimes,31,Why drying clothes indoors is changing your home’s air,https://timesofindia.indiatimes.com/articleshow/130458514.cms,2026-04-24T02:38:40+00:00
TOI ETimes,32,Why your 'squeaky clean' wood routine might be a recipe for rot,https://timesofindia.indiatimes.com/articleshow/130458207.cms,2026-04-24T02:38:40+00:00
TOI ETimes,33,"The dark truth: Why your cooking oil belongs in the cupboard, not the countertop",https://timesofindia.indiatimes.com/articleshow/130443688.cms,2026-04-24T02:38:40+00:00
TOI ETimes,34,The invisible barrier: Why your kitchen sink rinse isn't cleaning your fruit,https://timesofindia.indiatimes.com/articleshow/130443437.cms,2026-04-24T02:38:40+00:00
TOI ETimes,35,"Viral video claims 'alien- origin' Buga metallic sphere reacts to Sanskrit Mantras, gains weight, and has mysterious etchings in an unknown script- Truth or hoax?",https://timesofindia.indiatimes.com/articleshow/130477721.cms,2026-04-24T02:38:40+00:00
TOI ETimes,36,This ‘yellow watermelon’ gamble made an Odisha village rich in just 90 days - here’s how,https://timesofindia.indiatimes.com/articleshow/130476683.cms,2026-04-24T02:38:40+00:00
TOI ETimes,37,Who is Sasha Sobhani? The Iranian ‘Rich Kid’ going viral for his Ibiza jet lifestyle,https://timesofindia.indiatimes.com/articleshow/130474060.cms,2026-04-24T02:38:40+00:00
TOI ETimes,38,Lyrid meteor showers to streak across the sky: When and where to watch in India,https://timesofindia.indiatimes.com/articleshow/130472864.cms,2026-04-24T02:38:40+00:00
TOI ETimes,39,"Viral: Bali hotel catches Indian tourists carrying away hairdryer, doormat, bathrobes after checkout",https://timesofindia.indiatimes.com/articleshow/130466174.cms,2026-04-24T02:38:40+00:00
TOI ETimes,40,Logan Paul left fuming after pawning Anthony Joshua’s $200K ‘bad luck’ chain for a pitiful deal,https://timesofindia.indiatimes.com/articleshow/130478919.cms,2026-04-24T02:38:40+00:00
TOI ETimes,41,Billie Eilish’s sweet fan moment goes viral,https://timesofindia.indiatimes.com/articleshow/130457229.cms,2026-04-24T02:38:40+00:00
TOI ETimes,42,Mayte Garcia talks about Prince and his passing,https://timesofindia.indiatimes.com/articleshow/130446233.cms,2026-04-24T02:38:40+00:00
TOI ETimes,43,Jackie Jackson address rumors about late father Joe Jackson,https://timesofindia.indiatimes.com/articleshow/130445202.cms,2026-04-24T02:38:40+00:00
TOI ETimes,44,Rihanna opens up aboout motherhood,https://timesofindia.indiatimes.com/articleshow/130444559.cms,2026-04-24T02:38:40+00:00
TOI ETimes,45,Justin Bieber shares glimpses of him and Hailey Bieber,https://timesofindia.indiatimes.com/articleshow/130438678.cms,2026-04-24T02:38:40+00:00
TOI ETimes,46,"Dave Mason, ‘Traffic’ co-founder and singer dies at 79: Report",https://timesofindia.indiatimes.com/articleshow/130438302.cms,2026-04-24T02:38:40+00:00
TOI ETimes,47,Beyond Ebooks: The charm of bookstores endures,https://timesofindia.indiatimes.com/articleshow/101098088.cms,2026-04-24T02:38:40+00:00
TOI ETimes,48,It’s a curtain call: Sania Mirza bids adieu to tennis with ‘happy tears’,https://timesofindia.indiatimes.com/articleshow/98440670.cms,2026-04-24T02:38:40+00:00
TOI ETimes,49,A magical makeover for 17th Century stepwell: From neglected ruins to a glorious piece of history,https://timesofindia.indiatimes.com/articleshow/96557955.cms,2026-04-24T02:38:40+00:00
TOI ETimes,50,The city comes alive with Christmas fervour,https://timesofindia.indiatimes.com/articleshow/96406573.cms,2026-04-24T02:38:40+00:00
TOI ETimes,51,#BringRioHome: Pet parents launch search to find their kidnapped cat,https://timesofindia.indiatimes.com/articleshow/96334809.cms,2026-04-24T02:38:40+00:00
TOI ETimes,52,Adil Hussain’s 'Mercy' release date OUT: Film's first look to be attached with Ranveer Singh's 'Dhurandhar: The Revenge',https://timesofindia.indiatimes.com/articleshow/129843424.cms,2026-04-24T02:38:40+00:00
TOI ETimes,53,It’s the best time to be doing theatre: Juhi Babbar Soni,https://timesofindia.indiatimes.com/articleshow/129826631.cms,2026-04-24T02:38:40+00:00
TOI ETimes,54,"Anu Malik steps into theatre with Anupam Kher’s play, Calls it his most exciting challenge yet",https://timesofindia.indiatimes.com/articleshow/129729335.cms,2026-04-24T02:38:40+00:00
TOI ETimes,55,'Wicked' musical director John Stefaniuk on live music on the stage: 'It is so exciting to hear the orchestra whisk us away',https://timesofindia.indiatimes.com/articleshow/129610267.cms,2026-04-24T02:38:40+00:00
TOI ETimes,56,"'Wicked' stars Rebekah Lowings and Eve Shanu-Wilson on Elphaba-Glinda's bond: 'Friends challenge you, not just cheer you on'",https://timesofindia.indiatimes.com/articleshow/129607673.cms,2026-04-24T02:38:40+00:00
TOI ETimes,57,"Vijay Crishna, Shah Rukh Khan’s on-screen father in ‘Devdas,’ passes away at 81: Tributes pour in for theatre stalwart",https://timesofindia.indiatimes.com/articleshow/129016007.cms,2026-04-24T02:38:40+00:00
TOI ETimes,58,Raj Kundra and Shilpa Shetty's 15th Wedding Anniversary,https://timesofindia.indiatimes.com/articleshow/115563990.cms,2026-04-24T02:38:40+00:00
TOI ETimes,59,​Bigg Boss winners list from season 1 to 17​,https://timesofindia.indiatimes.com/articleshow/114277426.cms,2026-04-24T02:38:40+00:00
TOI ETimes,60,​Discover the bird with a prehistoric roar​,https://timesofindia.indiatimes.com/articleshow/114244474.cms,2026-04-24T02:38:40+00:00
TOI ETimes,61,Dia Mirza's ethnic wear,https://timesofindia.indiatimes.com/articleshow/114243410.cms,2026-04-24T02:38:40+00:00
TOI ETimes,62,​Incredible facts about ants you won’t believe​,https://timesofindia.indiatimes.com/articleshow/114243248.cms,2026-04-24T02:38:40+00:00
TOI ETimes,63,'Bigg Boss Marathi 5' nears grand finale​,https://timesofindia.indiatimes.com/articleshow/113936459.cms,2026-04-24T02:38:40+00:00
TOI ETimes,64,"Hulk Hogan’s shocking fentanyl doses after divorce: ‘You should be dead,’ pharmacist warned",https://timesofindia.indiatimes.com/articleshow/130478623.cms,2026-04-24T02:38:40+00:00
TOI ETimes,65,"60+ Serie A footballers named in major Italy prostitution case, Rs 13.2 crore seized, calls exposed",https://timesofindia.indiatimes.com/articleshow/130475061.cms,2026-04-24T02:38:40+00:00
TOI ETimes,66,The green warrior: Man grew a 31-hectare forest on degraded land over 40 years despite pro-deforestation policies,https://timesofindia.indiatimes.com/articleshow/130472357.cms,2026-04-24T02:38:40+00:00
TOI ETimes,67,Did Joe Rogan and Donald Trump have a problem when they spoke at UFC 327? Rogan speaks out,https://timesofindia.indiatimes.com/articleshow/130470697.cms,2026-04-24T02:38:40+00:00
TOI ETimes,68,"Meet Antoine Moses: The athlete who planted 23,060 trees in just 24 hours, one every four seconds",https://timesofindia.indiatimes.com/articleshow/130466419.cms,2026-04-24T02:38:40+00:00
TOI ETimes,69,Woman walked away from a high-paying job – her reason is leaving the internet stunned,https://timesofindia.indiatimes.com/articleshow/130464213.cms,2026-04-24T02:38:40+00:00
TOI ETimes,70,‘Mass killing of ants?’ Viral video showing thousands being burned alive leaves internet disturbed and divided,https://timesofindia.indiatimes.com/articleshow/130462252.cms,2026-04-24T02:38:40+00:00
TOI ETimes,71,What surprised her in India? Foreigner’s solo trip reel with 5 observations sparks debate online,https://timesofindia.indiatimes.com/articleshow/130458935.cms,2026-04-24T02:38:40+00:00
TOI ETimes,72,"Chilling gym video: Man gets stuck under 165 kg barbell, what happens next is shocking",https://timesofindia.indiatimes.com/articleshow/130456826.cms,2026-04-24T02:38:40+00:00
TOI ETimes,73,"Techie sets Reddit on fire: Claims he secretly worked 2 jobs, made ₹70L a yr, bought ₹1.3 crore house without loan, then deletes his post",https://timesofindia.indiatimes.com/articleshow/130456168.cms,2026-04-24T02:38:40+00:00
TOI ETimes,74,"The Alice in Wonderland cave? How a group of teenagers found ancient treasure sealed for 17,000‑years in a cave!",https://timesofindia.indiatimes.com/articleshow/130449893.cms,2026-04-24T02:38:40+00:00
TOI ETimes,75,170‑year‑old Himalayan photographs and paintings will show you a landscape that no longer exists: When and where can you see them?,https://timesofindia.indiatimes.com/articleshow/130449037.cms,2026-04-24T02:38:40+00:00
TOI ETimes,76,A door of light and a staircase to heaven? Study reveals what you dream about in the final days before death,https://timesofindia.indiatimes.com/articleshow/130446301.cms,2026-04-24T02:38:40+00:00
TOI ETimes,77,Meet Kali: The guardian stray dog who died battling a venomous cobra to protect over 30 kindergarten children,https://timesofindia.indiatimes.com/articleshow/130444324.cms,2026-04-24T02:38:40+00:00
TOI ETimes,78,"Wait, what, plants can hear the sound of rain?",https://timesofindia.indiatimes.com/articleshow/130443295.cms,2026-04-24T02:38:40+00:00
TOI ETimes,79,No tickets needed: Abu Dhabi airport launches shopping pass for non-travellers who can come to just shop,https://timesofindia.indiatimes.com/articleshow/130441997.cms,2026-04-24T02:38:40+00:00
TOI ETimes,80,Why does Japan experience so many earthquakes and tsunamis? Know the science behind it,https://timesofindia.indiatimes.com/articleshow/130442559.cms,2026-04-24T02:38:40+00:00
TOI ETimes,81,'Don’t White people qualify?': Australians row over $5.5M ‘House of India’ project in Queensland,https://timesofindia.indiatimes.com/articleshow/130441695.cms,2026-04-24T02:38:40+00:00
TOI ETimes,82,World’s first virtual train lets elderly explore 10 countries without leaving their seats,https://timesofindia.indiatimes.com/articleshow/130441328.cms,2026-04-24T02:38:40+00:00
TOI ETimes,83,"Man buys Rs 12K Lenskart glasses, smashes them; controversy fuels debate",https://timesofindia.indiatimes.com/articleshow/130439010.cms,2026-04-24T02:38:40+00:00
TOI ETimes,84,Fairytale wedding? This bride's night ended With an ambulance and a viral video,https://timesofindia.indiatimes.com/articleshow/130438095.cms,2026-04-24T02:38:40+00:00
TOI ETimes,85,Who is Bang Si-hyuk? Man behind BTS now under police lens in $100 million fraud case,https://timesofindia.indiatimes.com/articleshow/130437865.cms,2026-04-24T02:38:40+00:00
TOI ETimes,86,"New Zealand MP calls Indian immigration 'butter chicken tsunami', faces massive flak online",https://timesofindia.indiatimes.com/articleshow/130436972.cms,2026-04-24T02:38:40+00:00
TOI ETimes,87,'Demon boss': Meghan Markle's former employees reveal the shocking way she treats her team,https://timesofindia.indiatimes.com/articleshow/130436058.cms,2026-04-24T02:38:40+00:00
TOI ETimes,88,Viral video: Dog found peacefully sleeping inside the UK Parliament,https://timesofindia.indiatimes.com/articleshow/130434571.cms,2026-04-24T02:38:40+00:00
TOI ETimes,89,Kindergarten fee hits Rs 2.2 lakh? Viral post sparks debate on rising school costs,https://timesofindia.indiatimes.com/articleshow/130434151.cms,2026-04-24T02:38:40+00:00
TOI ETimes,90,Are Indians taking over Cyprus? Viral video claims 'looking like Bombay'; raises debate online,https://timesofindia.indiatimes.com/articleshow/130433840.cms,2026-04-24T02:38:40+00:00
TOI ETimes,91,UK woman dies of 'traumatic neck injuries' suspected to have been caused by family dog,https://timesofindia.indiatimes.com/articleshow/130433320.cms,2026-04-24T02:38:40+00:00
TOI ETimes,92,"‘Emily Hart’ unmasked: Indian man used fake AI persona to con 'super dumb' MAGA fans, fund medical school",https://timesofindia.indiatimes.com/articleshow/130432330.cms,2026-04-24T02:38:40+00:00
TOI ETimes,93,"Navy SEAL, then Harvard doctor, then NASA astronaut: Meet th...",https://timesofindia.indiatimes.com/articleshow/130317658.cms,2026-04-24T02:38:40+00:00
TOI ETimes,94,"Rajasthan’s 100-year-old ‘desi fridge’ with no electricity, ...",https://timesofindia.indiatimes.com/articleshow/130409107.cms,2026-04-24T02:38:40+00:00
TOI ETimes,95,'You touched me without my permission’: Internet outraged as...,https://timesofindia.indiatimes.com/articleshow/130298608.cms,2026-04-24T02:38:40+00:00
TOI ETimes,96,"John Ternus net worth: How rich is Apple’s next CEO, set to ...",https://timesofindia.indiatimes.com/articleshow/130415719.cms,2026-04-24T02:38:40+00:00
TOI ETimes,97,"Who is Anjani Mishra, the retired Air Force officer who call...",https://timesofindia.indiatimes.com/articleshow/130412189.cms,2026-04-24T02:38:40+00:00
TOI ETimes,98,Pune’s 169-year-old bakery serves an iconic bread once loved...,https://timesofindia.indiatimes.com/articleshow/130296506.cms,2026-04-24T02:38:40+00:00
TOI ETimes,99,Bengaluru man fixes pothole with a Porsche – but it’s the wa...,https://timesofindia.indiatimes.com/articleshow/130381736.cms,2026-04-24T02:38:40+00:00
TOI ETimes,100,"Black hijab and turban allowed but no bindi, chooda or tilak...",https://timesofindia.indiatimes.com/articleshow/130300518.cms,2026-04-24T02:38:40+00:00
TOI ETimes,101,14-year-old boy selling postcards outside Angkor Wat who spo...,https://timesofindia.indiatimes.com/articleshow/130197303.cms,2026-04-24T02:38:40+00:00
TOI ETimes,102,Who was Sawai Madho Singh II? The Maharaja who carried his o...,https://timesofindia.indiatimes.com/articleshow/130190590.cms,2026-04-24T02:38:40+00:00
TOI ETimes,103,"Meet Palmer Luckey: He built a $2 billion company at 19, got...",https://timesofindia.indiatimes.com/articleshow/129907090.cms,2026-04-24T02:38:40+00:00
TOI ETimes,104,Meet Patrick Winston: MIT professor whose one-hour lecture s...,https://timesofindia.indiatimes.com/articleshow/129827810.cms,2026-04-24T02:38:40+00:00
TOI ETimes,105,Viral video: Russian tourist choked by locals in Bali after ...,https://timesofindia.indiatimes.com/articleshow/129983079.cms,2026-04-24T02:38:40+00:00
TOI ETimes,106,"‘Ab nahi ho raha AC ke bina’: Bengaluru woman books hotel near home to beat heat, internet relates",https://timesofindia.indiatimes.com/articleshow/130431234.cms,2026-04-24T02:38:40+00:00
TOI ETimes,107,Shocking truth behind ‘silver’ offerings at Vaishno Devi Temple: Not just fake - potentially harmful,https://timesofindia.indiatimes.com/articleshow/130430776.cms,2026-04-24T02:38:40+00:00
TOI ETimes,108,Are floating ghost ships real? Why do ships appear to be floating above the ocean when viewed from a distance,https://timesofindia.indiatimes.com/articleshow/130422242.cms,2026-04-24T02:38:40+00:00
TOI ETimes,109,Who is Kanak Agrawal? IITian who left McKinsey job for the hills of Himachal and a soothing life,https://timesofindia.indiatimes.com/articleshow/130420481.cms,2026-04-24T02:38:40+00:00
TOI ETimes,110,"Haryana farmer’s ‘rainbow watermelons’ go viral: Meet Ram Pratap Sharma who's growing blue, gold and orange fruity delights",https://timesofindia.indiatimes.com/articleshow/130420192.cms,2026-04-24T02:38:40+00:00
TOI ETimes,111,Watch: Woman was posing underwater when a massive Whale Shark appeared right behind her,https://timesofindia.indiatimes.com/articleshow/130415328.cms,2026-04-24T02:38:40+00:00
TOI ETimes,112,"36,000 people quit Facebook for six weeks: Researchers reveal how deeply their lives were affected",https://timesofindia.indiatimes.com/articleshow/130415590.cms,2026-04-24T02:38:40+00:00
TOI ETimes,113,"Who is Aliya Korotkaya? The 22-year-old model linked to 71-year-old President of Belarus, Alexander Lukashenko",https://timesofindia.indiatimes.com/articleshow/130414931.cms,2026-04-24T02:38:40+00:00
TOI ETimes,114,Life as a South Korean in Chennai: Mum of two reveals why India stole her heart,https://timesofindia.indiatimes.com/articleshow/130412701.cms,2026-04-24T02:38:40+00:00
TOI ETimes,115,Meet John Ternus: Apple insider set to take over as CEO after Tim Cook,https://timesofindia.indiatimes.com/articleshow/130408322.cms,2026-04-24T02:38:40+00:00
TOI ETimes,116,"Robot dog with Elon Musk’s face spotted in public, viewers call it ‘bizarre’",https://timesofindia.indiatimes.com/articleshow/130406906.cms,2026-04-24T02:38:40+00:00
TOI ETimes,117,'Hurts even more than a breakup': Indian techie left jobless after Big 4 firm cancels offer post selection,https://timesofindia.indiatimes.com/articleshow/130400470.cms,2026-04-24T02:38:40+00:00
TOI ETimes,118,"Who is Anshika Singh? The woman who ditched her Gurugram job ""that sucked the life out of..."" for slower Dehradun bliss",https://timesofindia.indiatimes.com/articleshow/130394154.cms,2026-04-24T02:38:40+00:00
TOI ETimes,119,Can’t keep doom-scrolling while eating? You are not welcome for dining!,https://timesofindia.indiatimes.com/articleshow/130392189.cms,2026-04-24T02:38:40+00:00
TOI ETimes,120,"Viral in India, questioned everywhere: Pakistani drama ‘Jahannum Ba'raasta Jannat’ sparks meme fest online for getting everything wrong",https://timesofindia.indiatimes.com/articleshow/130390632.cms,2026-04-24T02:38:40+00:00
TOI ETimes,121,Brock Lesnar’s net worth: Inside the WWE and UFC star’s fortune,https://timesofindia.indiatimes.com/articleshow/130388936.cms,2026-04-24T02:38:40+00:00
TOI ETimes,122,'Want my country back': MAGA reporter Sara Gonzales faces backlash for criticising Indian-origin kids playing in park,https://timesofindia.indiatimes.com/articleshow/130387655.cms,2026-04-24T02:38:40+00:00
TOI ETimes,123,Why whale vomit is worth millions to humans and you could be wearing it right now,https://timesofindia.indiatimes.com/articleshow/130386257.cms,2026-04-24T02:38:40+00:00
TOI ETimes,124,Who is Nidhi Mittal? Peyush Bansal’s wife at centre of Lenskart storm – here’s what we know,https://timesofindia.indiatimes.com/articleshow/130385866.cms,2026-04-24T02:38:40+00:00
TOI ETimes,125,Why did India import ice from the US for four decades? The frozen history of the 'ice king' who smashed the Indian markets,https://timesofindia.indiatimes.com/articleshow/130384290.cms,2026-04-24T02:38:40+00:00
TOI ETimes,126,Big bet or bold risk? IIT grad skipped ₹4 crore job to build AI startup now in focus,https://timesofindia.indiatimes.com/articleshow/130383843.cms,2026-04-24T02:38:40+00:00
TOI ETimes,127,Why we cry explained: Scientists reveal evolutionary secret hidden in tears,https://timesofindia.indiatimes.com/articleshow/130380699.cms,2026-04-24T02:38:40+00:00
TOI ETimes,128,British cyclist’s heartwarming encounter in India: A glass of buttermilk and the power of genuine hospitality,https://timesofindia.indiatimes.com/articleshow/130380150.cms,2026-04-24T02:38:40+00:00
TOI ETimes,129,How many times do you poop in a day? Your poop schedule might actually signal something for your body,https://timesofindia.indiatimes.com/articleshow/130371365.cms,2026-04-24T02:38:40+00:00
TOI ETimes,130,What is the washlet? The Japanese invention that could make toilet paper obsolete!,https://timesofindia.indiatimes.com/articleshow/130370807.cms,2026-04-24T02:38:40+00:00
TOI ETimes,131,"This “normal” farm was hiding 5,000-year-old graves all along -Archaeologists stunned",https://timesofindia.indiatimes.com/articleshow/130369192.cms,2026-04-24T02:38:40+00:00
TOI ETimes,132,Who is Daniel Kinahan? The alleged Irish drug boss arrested in Dubai,https://timesofindia.indiatimes.com/articleshow/130369006.cms,2026-04-24T02:38:40+00:00
TOI ETimes,133,"Meet the ‘Pink Fairy’, the world’s smallest mammal that’s making a surprisingly big impact",https://timesofindia.indiatimes.com/articleshow/130367837.cms,2026-04-24T02:38:40+00:00
TOI ETimes,134,"Who is Parvathy Krishna, and why is she trending over her viral face yoga controversy?",https://timesofindia.indiatimes.com/articleshow/130366933.cms,2026-04-24T02:38:40+00:00
TOI ETimes,135,"75+ Parshuram Jayanti Wishes 2026 Quotes, Images & Status Updates WhatsApp Messages to Share",https://timesofindia.indiatimes.com/articleshow/130365718.cms,2026-04-24T02:38:40+00:00
TOI ETimes,136,"Happy Akshaya Tritiya 2026: Best Messages, Quotes, Wishes and Images to share on Akshaya Tritiya",https://timesofindia.indiatimes.com/articleshow/130359788.cms,2026-04-24T02:38:40+00:00
TOI ETimes,137,Why are people smashing glasses on camera as ‘Boycott Lenskart’ trends,https://timesofindia.indiatimes.com/articleshow/130364410.cms,2026-04-24T02:38:40+00:00
TOI ETimes,138,"Happy Akshaya Tritiya 2026: 50+ Wishes, Messages, Quotes, Images, Facebook & WhatsApp status",https://timesofindia.indiatimes.com/articleshow/130355729.cms,2026-04-24T02:38:40+00:00
TOI ETimes,139,"'I lost my job because of ADHD…': Viral layoff story exposes corporate struggle, expert explains why this is more common in workplaces than thought",https://timesofindia.indiatimes.com/articleshow/130358382.cms,2026-04-24T02:38:40+00:00
TOI ETimes,140,Who is Shaila Khan? Pakistani YouTuber praised after viral clip shows her calling out man: “Don’t touch me without permission”,https://timesofindia.indiatimes.com/articleshow/130351330.cms,2026-04-24T02:38:40+00:00
TOI ETimes,141,"Lord Krishna's image with non-veg dish sparks row; Kerala eatery faces backlash, FIR filed",https://timesofindia.indiatimes.com/articleshow/130351143.cms,2026-04-24T02:38:40+00:00
TOI ETimes,142,“Who eats dates on Pongal?” “They got confused with Ramzan”: Lenskart under fire again as viral ad sparks backlash,https://timesofindia.indiatimes.com/articleshow/130350025.cms,2026-04-24T02:38:40+00:00
TOI ETimes,143,Watch: Cash rains from high-rise after woman throws bundles – police confirm it was real money,https://timesofindia.indiatimes.com/articleshow/130348711.cms,2026-04-24T02:38:40+00:00
TOI ETimes,144,“Strong girl”: Young specially-abled child reacts beautifully while watching other children play in front of her – netizens get emotional,https://timesofindia.indiatimes.com/articleshow/130347428.cms,2026-04-24T02:38:40+00:00
TOI ETimes,145,She claims to live in Mumbai on ₹18k budget with ₹11.5k rent! Woman's viral claim leaves the internet stunned,https://timesofindia.indiatimes.com/articleshow/130346661.cms,2026-04-24T02:38:40+00:00
TOI ETimes,146,Is supervolcano Yellowstone going to erupt anytime soon? New study analyses what's next,https://timesofindia.indiatimes.com/articleshow/130341367.cms,2026-04-24T02:38:40+00:00
TOI ETimes,147,"Who is Connor Esterhuizen, the player Gujarat Titans signed to replace Tom Banton and why is he trending?",https://timesofindia.indiatimes.com/articleshow/130341173.cms,2026-04-24T02:38:40+00:00
TOI ETimes,148,Have we lost compassion for the poor? Viral Hyderabad video shows guard wrapped in mosquito net to escape bites,https://timesofindia.indiatimes.com/articleshow/130340382.cms,2026-04-24T02:38:40+00:00
TOI ETimes,149,“Aap hote kaun ho?”: Influencer Kanika Sharma CLAPS BACK at trolls after her interfaith wedding sparks online storm,https://timesofindia.indiatimes.com/articleshow/130338078.cms,2026-04-24T02:38:40+00:00
TOI ETimes,150,Did the Artemis II astronauts see God?,https://timesofindia.indiatimes.com/articleshow/130337249.cms,2026-04-24T02:38:40+00:00
TOI ETimes,151,Magic diet and no steroids: Meet the Chennai construction worker who built ripped abs with 'simple food' and discipline,https://timesofindia.indiatimes.com/articleshow/130336214.cms,2026-04-24T02:38:40+00:00
TOI ETimes,152,"Viral video shows Rs. 50 chips sold for Rs. 100 at IPL match, internet asks, “Isn’t this a punishable offence """,https://timesofindia.indiatimes.com/articleshow/130335470.cms,2026-04-24T02:38:40+00:00
TOI ETimes,153,Another ‘zombie drug’ case or something more serious at play? This spine-chilling Maharashtra video is going viral,https://timesofindia.indiatimes.com/articleshow/130333317.cms,2026-04-24T02:38:40+00:00
TOI ETimes,154,Indian placements spoil us: Young Indian living in Paris reveals real reason why getting jobs in Europe is difficult,https://timesofindia.indiatimes.com/articleshow/130333108.cms,2026-04-24T02:38:40+00:00
TOI ETimes,155,Watch: Robot chases wild boars in viral video – but there’s a jaw-dropping twist,https://timesofindia.indiatimes.com/articleshow/130331686.cms,2026-04-24T02:38:40+00:00
TOI ETimes,156,"‘Algorithm strikes again, Virat Kohli?’ Who is Liz Laz, the German model trending after cricket star liked her picture",https://timesofindia.indiatimes.com/articleshow/130326992.cms,2026-04-24T02:38:40+00:00
TOI ETimes,157,He sold chai from a Rolls-Royce after spending Rs 1 lakh – what he earned will surprise you,https://timesofindia.indiatimes.com/articleshow/130326264.cms,2026-04-24T02:38:40+00:00
TOI ETimes,158,"Same pay, different roles: This Bengaluru vs Hyderabad job dilemma has the internet divided",https://timesofindia.indiatimes.com/articleshow/130325788.cms,2026-04-24T02:38:40+00:00
TOI ETimes,159,"'No more 2:00 AM flights, no more missing birthdays and festivals and meals': Cabin crew woman’s emotional goodbye goes viral",https://timesofindia.indiatimes.com/articleshow/130321657.cms,2026-04-24T02:38:40+00:00
TOI ETimes,160,Raising kids in India > USA? Meet Kelsey- the expat mon who reveals top 5 reasons why India is better for raising kids than America,https://timesofindia.indiatimes.com/articleshow/130313232.cms,2026-04-24T02:38:40+00:00
TOI ETimes,161,"Meet the Ice Age survivor: The rotifer that cheated death for 24,000 years and started reproducing after coming back to life",https://timesofindia.indiatimes.com/articleshow/130311156.cms,2026-04-24T02:38:40+00:00
TOI ETimes,162,Cranes or storks? How to differentiate between these 2 graceful white birds,https://timesofindia.indiatimes.com/articleshow/130308569.cms,2026-04-24T02:38:40+00:00
TOI ETimes,163,IIT Delhi grad ditches ₹17 LPA banking job over 15-min lunch breaks and 'nightmare' sick leaves,https://timesofindia.indiatimes.com/articleshow/130308446.cms,2026-04-24T02:38:40+00:00
TOI ETimes,164,'Fake Christian': US Secretary of War Pete Hegseth trolled for quoting a 'Bible verse' from Pulp Fiction,https://timesofindia.indiatimes.com/articleshow/130306055.cms,2026-04-24T02:38:40+00:00
TOI ETimes,165,Shah Rukh Khan,https://timesofindia.indiatimes.com/articleshow/130473601.cms,2026-04-24T02:38:40+00:00
TOI ETimes,166,New Snake Species,https://timesofindia.indiatimes.com/articleshow/130408265.cms,2026-04-24T02:38:40+00:00
TOI ETimes,167,Boy Heartbreaking Reply,https://timesofindia.indiatimes.com/articleshow/130431348.cms,2026-04-24T02:38:40+00:00
TOI ETimes,168,Coffee Purity Test,https://timesofindia.indiatimes.com/articleshow/130418514.cms,2026-04-24T02:38:40+00:00
TOI ETimes,169,Sundar Pichai Quote,https://timesofindia.indiatimes.com/articleshow/130443249.cms,2026-04-24T02:38:40+00:00
TOI ETimes,170,Dacoit Box Office Collection,https://timesofindia.indiatimes.com/articleshow/130480974.cms,2026-04-24T02:38:40+00:00
TOI ETimes,171,Hamster Kombat Daily Code,https://timesofindia.indiatimes.com/articleshow/130454751.cms,2026-04-24T02:38:40+00:00
TOI ETimes,172,Garena Free Fire Max Redeem Codes,https://timesofindia.indiatimes.com/articleshow/130454933.cms,2026-04-24T02:38:40+00:00
TOI ETimes,173,Hazaribag man drowns while fishing in lake,https://timesofindia.indiatimes.com/articleshow/130060093.cms,2026-04-24T02:38:40+00:00
TOI ETimes,174,"""Behen Darr Gayi!"": Fans relive ‘Bhagam Bhag’ era after watching Akshay Kumar's 'Bhooth Bangla' trailer",https://timesofindia.indiatimes.com/articleshow/130060027.cms,2026-04-24T02:38:40+00:00
TOI ETimes,175,MBOSE HSLC result 2026 to release tomorrow: Check details here,https://timesofindia.indiatimes.com/articleshow/130059814.cms,2026-04-24T02:38:40+00:00
TOI ETimes,176,"Iran war risk: JPMorgan CEO Jamie Dimon warns of oil shocks, sticky inflation and higher interest rates",https://timesofindia.indiatimes.com/articleshow/130059993.cms,2026-04-24T02:38:40+00:00
TOI ETimes,177,Make your clutch last longer with these easy driving tips,https://timesofindia.indiatimes.com/articleshow/130052232.cms,2026-04-24T02:38:40+00:00
TOI ETimes,178,“Three-against-one situation”: El Rubius opens up on being “targeted” in MrBeast’s viral $1M challenge,https://timesofindia.indiatimes.com/articleshow/130054402.cms,2026-04-24T02:38:40+00:00
TOI ETimes,179,Bihar BTSC lab assistant notification released for 1091 posts at btsc.bihar.gov.in; apply here,https://timesofindia.indiatimes.com/articleshow/130059322.cms,2026-04-24T02:38:40+00:00
TOI ETimes,180,IPL craze costs techie Rs 1.46 lakh in fake RCB vs CSK ticket scam,https://timesofindia.indiatimes.com/articleshow/130059549.cms,2026-04-24T02:38:40+00:00
TOI ETimes,181,Raising “robot-proof” kids: Why creativity and curiosity matter more than ever,https://timesofindia.indiatimes.com/articleshow/130057342.cms,2026-04-24T02:38:40+00:00
TOI ETimes,182,Inside ‘Satguru Sharan’: Exploring Saif Ali Khan and Kareena Kapoor Khan’s Rs 100 crore Bandra home,https://timesofindia.indiatimes.com/articleshow/130059584.cms,2026-04-24T02:38:40+00:00
TOI ETimes,183,How selling Alaska in 1867 was a costly mistake for Russia,https://timesofindia.indiatimes.com/articleshow/130057081.cms,2026-04-24T02:38:40+00:00
TOI ETimes,184,'Hera Pheri 3 is coming': Paresh Rawal dismisses delay reports and reveals he will 'start shooting soon',https://timesofindia.indiatimes.com/articleshow/130059421.cms,2026-04-24T02:38:40+00:00
TOI ETimes,185,"US-Iran War: A daring rescue Hollywood blockbuster is on its way. Till then, pick your favourite from these 10 films on bringing someone home against all odds",https://timesofindia.indiatimes.com/articleshow/130059208.cms,2026-04-24T02:38:40+00:00
TOI ETimes,186,"Kolkata team unveils fan mural at Rash Behari Avenue, celebrating city’s first love",https://timesofindia.indiatimes.com/articleshow/130059554.cms,2026-04-24T02:38:40+00:00
TOI ETimes,187,How US spread a lie to rescue a pilot of a jet shot down in Iran,https://timesofindia.indiatimes.com/articleshow/130058641.cms,2026-04-24T02:38:40+00:00
TOI ETimes,188,"Netflix unveils ‘VOID’, an AI model that can change a movie plot",https://timesofindia.indiatimes.com/articleshow/130058880.cms,2026-04-24T02:38:40+00:00
TOI ETimes,189,"AI data centers are causing 'stress' not just to tech companies, but also private insurers",https://timesofindia.indiatimes.com/articleshow/130058967.cms,2026-04-24T02:38:40+00:00
TOI ETimes,190,"""Trans women are....."": Clavicular’s viral moment with trans women sparks fresh conversation on internet culture",https://timesofindia.indiatimes.com/articleshow/130053479.cms,2026-04-24T02:38:40+00:00
TOI Viral News,1,"Watch: Hardeep Singh Puri reunites with old friend from Delhi University, video melts hearts",https://timesofindia.indiatimes.com/articleshow/108418522.cms,2026-04-24T02:38:40+00:00
TOI Viral News,2,Narayana Murthy and daughter Akshata enjoy 'Corner House' ice cream in Bengaluru,https://timesofindia.indiatimes.com/articleshow/107659138.cms,2026-04-24T02:38:40+00:00
TOI Viral News,3,Taylor Swift cheers boyfriend Travis Kelce at the Super Bowl,https://timesofindia.indiatimes.com/articleshow/107613344.cms,2026-04-24T02:38:40+00:00
TOI Viral News,4,'He Nitished me' to 'Paltu Chacha': Nitish Kumar's 'swing politics' sparks humour fest,https://timesofindia.indiatimes.com/articleshow/107236114.cms,2026-04-24T02:38:40+00:00
TOI Viral News,5,"Flyer hits IndiGo Pilot announcing flight delay due to dense fog conditions, video goes viral",https://timesofindia.indiatimes.com/articleshow/106851189.cms,2026-04-24T02:38:40+00:00
TOI Viral News,6,"New Zealand's youngest MP performs native 'war cry' in Parliament, video goes viral",https://timesofindia.indiatimes.com/articleshow/106572179.cms,2026-04-24T02:38:40+00:00
TOI Viral News,7,"NASA unveils stunning image of 'evil eye' galaxy, sparking internet awe",https://timesofindia.indiatimes.com/articleshow/105570940.cms,2026-04-24T02:38:40+00:00
TOI Viral News,8,Millennials bemoan lackluster Black Friday deals in social media uproar,https://timesofindia.indiatimes.com/articleshow/105475777.cms,2026-04-24T02:38:40+00:00
TOI Viral News,9,'At least they'll not lose to India in semis': Memes erupt with Pakistan all but out of World Cup,https://timesofindia.indiatimes.com/articleshow/105122539.cms,2026-04-24T02:38:40+00:00
TOI Viral News,10,Brazilian influencer Vanessa Mancini dies at 41 from massive heart attack,https://timesofindia.indiatimes.com/articleshow/105110853.cms,2026-04-24T02:38:40+00:00
TOI Viral News,11,Memes erupt as Angelo Mathews becomes first international cricketer to be timed out,https://timesofindia.indiatimes.com/articleshow/105016656.cms,2026-04-24T02:38:40+00:00
TOI Viral News,12,Mia Khalifa posts Amy Schumer's heated exchange with Asia Jackson over Israel-Palestine conflict,https://timesofindia.indiatimes.com/articleshow/104947696.cms,2026-04-24T02:38:40+00:00
TOI Viral News,13,Fans troll Pakistan as Proteas beat Kiwis to keep Pak's semi-final hopes alive,https://timesofindia.indiatimes.com/articleshow/104912338.cms,2026-04-24T02:38:40+00:00
TOI Viral News,14,Mark Zuckerberg and family's Halloween transformation into Hogwarts icons warms hearts,https://timesofindia.indiatimes.com/articleshow/104888586.cms,2026-04-24T02:38:40+00:00
TOI Viral News,15,'Bore hone ka chance-ich nahi' as auto driver sings & entertains people stuck in Andheri traffic,https://timesofindia.indiatimes.com/articleshow/104886091.cms,2026-04-24T02:38:40+00:00
TOI Viral News,16,Escaped monkey 'Momo' captured after it drinks beer and runs riot in Indianapolis,https://timesofindia.indiatimes.com/articleshow/104208644.cms,2026-04-24T02:38:40+00:00
TOI Viral News,17,"Animal smuggling: Otter, rat and 28 turtles cause chaos on Bangkok to Taipei flight",https://timesofindia.indiatimes.com/articleshow/104208771.cms,2026-04-24T02:38:40+00:00
TOI Viral News,18,Alligator ally oops! Phillies fan denied entry with emotional support gator,https://timesofindia.indiatimes.com/articleshow/104043227.cms,2026-04-24T02:38:40+00:00
TOI Viral News,19,'Qualified for Karachi station': Pakistan's exit from Asia Cup sparks memefest,https://timesofindia.indiatimes.com/articleshow/103687163.cms,2026-04-24T02:38:40+00:00
TOI Viral News,20,"'Racist bigots': Arabic restaurant in US refuses to serve cops in uniform, faces fury",https://timesofindia.indiatimes.com/articleshow/103285144.cms,2026-04-24T02:38:40+00:00
TOI Viral News,21,Watch: Pakistani wedding in UK descends into mass brawl as guests hurl chairs at each other,https://timesofindia.indiatimes.com/articleshow/103245258.cms,2026-04-24T02:38:40+00:00
TOI Viral News,22,Memes abuzz as Neeraj Chopra makes history with first gold for India in World Championship,https://timesofindia.indiatimes.com/articleshow/103138499.cms,2026-04-24T02:38:40+00:00
TOI Viral News,23,Boyfriend held in murder of Instagram influencer Beauty Couch in Georgia,https://timesofindia.indiatimes.com/articleshow/103125550.cms,2026-04-24T02:38:40+00:00
TOI Viral News,24,Why internet is suddenly talking about Donald Trump’s weight,https://timesofindia.indiatimes.com/articleshow/103058329.cms,2026-04-24T02:38:40+00:00
TOI Viral News,25,'Don is back': Trump's mug shot triggers memefest,https://timesofindia.indiatimes.com/articleshow/103047943.cms,2026-04-24T02:38:40+00:00
TOI Viral News,26,"Hurricane Hilary unleashes fury on Southern California, visuals viral",https://timesofindia.indiatimes.com/articleshow/102906246.cms,2026-04-24T02:38:40+00:00
TOI Viral News,27,'Shameless': Prakash Raj blasted by netizens for mocking India's moon mission,https://timesofindia.indiatimes.com/articleshow/102902284.cms,2026-04-24T02:38:40+00:00
TOI Viral News,28,'Me during WFH': Photo of Selena Gomez wrapped in 'shawl' stirs memefest,https://timesofindia.indiatimes.com/articleshow/102799584.cms,2026-04-24T02:38:40+00:00
TOI Viral News,29,'Mission impossible': Memes erupt as people find it hard to return to office after long weekend,https://timesofindia.indiatimes.com/articleshow/102768800.cms,2026-04-24T02:38:40+00:00
TOI Viral News,30,‘Paisa hi paisa hoga’: Memes erupt as Indian creators receive massive payout from Twitter,https://timesofindia.indiatimes.com/articleshow/102576219.cms,2026-04-24T02:38:40+00:00
TOI Viral News,31,"'It just happened': Rahul Meena 'remorseless', raped IRS officer's daughter while she was unconscious, claim Delhi cops",https://timesofindia.indiatimes.com/articleshow/130463991.cms,2026-04-24T02:38:40+00:00
TOI Viral News,32,"Daughter of senior official raped, killed at South Delhi home by former help; fired 6 weeks ago",https://timesofindia.indiatimes.com/articleshow/130454043.cms,2026-04-24T02:38:40+00:00
TOI Viral News,33,"South Delhi rape-murder: How killer gained access to senior officer's home, assaulted daughter who was studying alone",https://timesofindia.indiatimes.com/articleshow/130450635.cms,2026-04-24T02:38:40+00:00
TOI Viral News,34,‘Raped another woman in Rajasthan’: Chilling details emerge in IRS officer’s daughter murder case; how horror unfolded at south Delhi home,https://timesofindia.indiatimes.com/articleshow/130454747.cms,2026-04-24T02:38:40+00:00
TOI Viral News,35,Who is Ryan Weathers Wife,https://timesofindia.indiatimes.com/articleshow/130469174.cms,2026-04-24T02:38:40+00:00
TOI Viral News,36,NHL Trade Rumor,https://timesofindia.indiatimes.com/articleshow/130475465.cms,2026-04-24T02:38:40+00:00
TOI Viral News,37,Karl Anthony Towns Injury,https://timesofindia.indiatimes.com/articleshow/130477624.cms,2026-04-24T02:38:40+00:00
TOI Viral News,38,Connor McDavid Net Worth,https://timesofindia.indiatimes.com/articleshow/130469548.cms,2026-04-24T02:38:40+00:00
TOI Viral News,39,NFL Trade Rumor,https://timesofindia.indiatimes.com/articleshow/130467897.cms,2026-04-24T02:38:40+00:00
TOI Viral News,40,NFL Mock Draft 2026,https://timesofindia.indiatimes.com/articleshow/130470177.cms,2026-04-24T02:38:40+00:00
TOI Viral News,41,Floyd Mayweather Jr,https://timesofindia.indiatimes.com/articleshow/130472230.cms,2026-04-24T02:38:40+00:00
TOI Viral News,42,NFL Mock Draft 2026,https://timesofindia.indiatimes.com/articleshow/130471649.cms,2026-04-24T02:38:40+00:00
TOI Viral News,43,Aryna Sabalenka Net Worth,https://timesofindia.indiatimes.com/articleshow/130474037.cms,2026-04-24T02:38:40+00:00
TOI Viral News,44,NFL Draft Schedule 2026,https://timesofindia.indiatimes.com/articleshow/130456095.cms,2026-04-24T02:38:40+00:00
TOI Viral News,45,Sanju Samson Century,https://timesofindia.indiatimes.com/articleshow/130471413.cms,2026-04-24T02:38:40+00:00
TOI Viral News,46,IPL Schedule 2026,https://timesofindia.indiatimes.com/articleshow/130051892.cms,2026-04-24T02:38:40+00:00
TOI Viral News,47,Shah Rukh Khan,https://timesofindia.indiatimes.com/articleshow/130473601.cms,2026-04-24T02:38:40+00:00
TOI Viral News,48,New Snake Species,https://timesofindia.indiatimes.com/articleshow/130408265.cms,2026-04-24T02:38:40+00:00
TOI Viral News,49,Boy Heartbreaking Reply,https://timesofindia.indiatimes.com/articleshow/130431348.cms,2026-04-24T02:38:40+00:00
TOI Viral News,50,Coffee Purity Test,https://timesofindia.indiatimes.com/articleshow/130418514.cms,2026-04-24T02:38:40+00:00
TOI Viral News,51,Bhooth Bangla Box Office Collection,https://timesofindia.indiatimes.com/articleshow/130481031.cms,2026-04-24T02:38:40+00:00
TOI Viral News,52,Sundar Pichai Quote,https://timesofindia.indiatimes.com/articleshow/130443249.cms,2026-04-24T02:38:40+00:00
TOI Viral News,53,Dacoit Box Office Collection,https://timesofindia.indiatimes.com/articleshow/130480974.cms,2026-04-24T02:38:40+00:00
TOI Viral News,54,Dhurandhar 2 Box Office Collection,https://timesofindia.indiatimes.com/articleshow/130481014.cms,2026-04-24T02:38:40+00:00
TOI Viral News,55,Dhurandhar 2 Collection,https://timesofindia.indiatimes.com/articleshow/130454170.cms,2026-04-24T02:38:40+00:00
TOI Viral News,56,Hamster Kombat Daily Code,https://timesofindia.indiatimes.com/articleshow/130454751.cms,2026-04-24T02:38:40+00:00
TOI Viral News,57,Garena Free Fire Max Redeem Codes,https://timesofindia.indiatimes.com/articleshow/130454933.cms,2026-04-24T02:38:40+00:00
TOI Viral News,58,UP Board 12th Toppers List,https://timesofindia.indiatimes.com/articleshow/130466221.cms,2026-04-24T02:38:40+00:00
TOI Viral News,59,MBA MMS CET 2026,https://timesofindia.indiatimes.com/articleshow/130468554.cms,2026-04-24T02:38:40+00:00
TOI Viral News,60,UP Board Class 12 Result 2026,https://timesofindia.indiatimes.com/articleshow/130467549.cms,2026-04-24T02:38:40+00:00
TOI Viral News,61,Dianna Russini Scandal,https://timesofindia.indiatimes.com/articleshow/130457210.cms,2026-04-24T02:38:40+00:00
TOI Viral News,62,UP Board Results Revaluation,https://timesofindia.indiatimes.com/articleshow/130468694.cms,2026-04-24T02:38:40+00:00
TOI Viral News,63,Haryana RTE Lottery Result,https://timesofindia.indiatimes.com/articleshow/130470152.cms,2026-04-24T02:38:40+00:00
TOI Viral News,64,Mike Vrabel Wife,https://timesofindia.indiatimes.com/articleshow/130470332.cms,2026-04-24T02:38:40+00:00
TOI Viral News,65,SSC JHT Recruitment 2026,https://timesofindia.indiatimes.com/articleshow/130470464.cms,2026-04-24T02:38:40+00:00
TOI Viral News,66,UP Board Results 2026,https://timesofindia.indiatimes.com/articleshow/130470442.cms,2026-04-24T02:38:40+00:00
TOI Viral News,67,Tamil Nadu Elections 2026,https://timesofindia.indiatimes.com/articleshow/130407537.cms,2026-04-24T02:38:40+00:00
TOI Viral News,68,Megan Thee Stallion,https://timesofindia.indiatimes.com/articleshow/130478701.cms,2026-04-24T02:38:40+00:00
TOI Viral News,69,Top Stock Recommendations,https://timesofindia.indiatimes.com/articleshow/130430907.cms,2026-04-24T02:38:40+00:00
TOI Viral News,70,TCS Nashik Case,https://timesofindia.indiatimes.com/articleshow/130430968.cms,2026-04-24T02:38:40+00:00
TOI Viral News,71,Will Levis ex,https://timesofindia.indiatimes.com/articleshow/130472667.cms,2026-04-24T02:38:40+00:00
TOI Viral News,72,Hyderabad Techie Arrest,https://timesofindia.indiatimes.com/articleshow/130425703.cms,2026-04-24T02:38:40+00:00
TOI Viral News,73,Deen The Great,https://timesofindia.indiatimes.com/articleshow/130390805.cms,2026-04-24T02:38:40+00:00
TOI Viral News,74,Aryna Sabalenka Fiancé,https://timesofindia.indiatimes.com/articleshow/130361445.cms,2026-04-24T02:38:40+00:00
TOI Viral News,75,NFL Trade Rumors,https://timesofindia.indiatimes.com/articleshow/130379839.cms,2026-04-24T02:38:40+00:00
TOI Viral News,76,Switch 2 Price Hikes,https://timesofindia.indiatimes.com/articleshow/130464651.cms,2026-04-24T02:38:40+00:00
TOI Viral News,77,Hazaribag man drowns while fishing in lake,https://timesofindia.indiatimes.com/articleshow/130060093.cms,2026-04-24T02:38:40+00:00
TOI Viral News,78,"""Behen Darr Gayi!"": Fans relive ‘Bhagam Bhag’ era after watching Akshay Kumar's 'Bhooth Bangla' trailer",https://timesofindia.indiatimes.com/articleshow/130060027.cms,2026-04-24T02:38:40+00:00
TOI Viral News,79,MBOSE HSLC result 2026 to release tomorrow: Check details here,https://timesofindia.indiatimes.com/articleshow/130059814.cms,2026-04-24T02:38:40+00:00
TOI Viral News,80,"Iran war risk: JPMorgan CEO Jamie Dimon warns of oil shocks, sticky inflation and higher interest rates",https://timesofindia.indiatimes.com/articleshow/130059993.cms,2026-04-24T02:38:40+00:00
TOI Viral News,81,Make your clutch last longer with these easy driving tips,https://timesofindia.indiatimes.com/articleshow/130052232.cms,2026-04-24T02:38:40+00:00
TOI Viral News,82,“Three-against-one situation”: El Rubius opens up on being “targeted” in MrBeast’s viral $1M challenge,https://timesofindia.indiatimes.com/articleshow/130054402.cms,2026-04-24T02:38:40+00:00
TOI Viral News,83,Bihar BTSC lab assistant notification released for 1091 posts at btsc.bihar.gov.in; apply here,https://timesofindia.indiatimes.com/articleshow/130059322.cms,2026-04-24T02:38:40+00:00
TOI Viral News,84,IPL craze costs techie Rs 1.46 lakh in fake RCB vs CSK ticket scam,https://timesofindia.indiatimes.com/articleshow/130059549.cms,2026-04-24T02:38:40+00:00
TOI Viral News,85,Raising “robot-proof” kids: Why creativity and curiosity matter more than ever,https://timesofindia.indiatimes.com/articleshow/130057342.cms,2026-04-24T02:38:40+00:00
TOI Viral News,86,Inside ‘Satguru Sharan’: Exploring Saif Ali Khan and Kareena Kapoor Khan’s Rs 100 crore Bandra home,https://timesofindia.indiatimes.com/articleshow/130059584.cms,2026-04-24T02:38:40+00:00
TOI Viral News,87,How selling Alaska in 1867 was a costly mistake for Russia,https://timesofindia.indiatimes.com/articleshow/130057081.cms,2026-04-24T02:38:40+00:00
TOI Viral News,88,'Hera Pheri 3 is coming': Paresh Rawal dismisses delay reports and reveals he will 'start shooting soon',https://timesofindia.indiatimes.com/articleshow/130059421.cms,2026-04-24T02:38:40+00:00
TOI Viral News,89,"US-Iran War: A daring rescue Hollywood blockbuster is on its way. Till then, pick your favourite from these 10 films on bringing someone home against all odds",https://timesofindia.indiatimes.com/articleshow/130059208.cms,2026-04-24T02:38:40+00:00
TOI Viral News,90,"Kolkata team unveils fan mural at Rash Behari Avenue, celebrating city’s first love",https://timesofindia.indiatimes.com/articleshow/130059554.cms,2026-04-24T02:38:40+00:00
TOI Viral News,91,How US spread a lie to rescue a pilot of a jet shot down in Iran,https://timesofindia.indiatimes.com/articleshow/130058641.cms,2026-04-24T02:38:40+00:00
TOI Viral News,92,"Netflix unveils ‘VOID’, an AI model that can change a movie plot",https://timesofindia.indiatimes.com/articleshow/130058880.cms,2026-04-24T02:38:40+00:00
TOI Viral News,93,"AI data centers are causing 'stress' not just to tech companies, but also private insurers",https://timesofindia.indiatimes.com/articleshow/130058967.cms,2026-04-24T02:38:40+00:00
TOI Viral News,94,"""Trans women are....."": Clavicular’s viral moment with trans women sparks fresh conversation on internet culture",https://timesofindia.indiatimes.com/articleshow/130053479.cms,2026-04-24T02:38:40+00:00
NDTV,1,All India News,https://www.ndtv.com/india,2026-04-24T02:38:40+00:00
NDTV,2,"Heatwave May Melt 4% Of GDP, Raise Medical Bills, Dent Productivity",https://www.ndtv.com/india-news/heatwave-may-melt-4-of-gdp-raise-medical-bills-dent-productivity-india-imd-heat-warning-11401334,2026-04-24T02:38:40+00:00
NDTV,3,"Delhi Murder Autopsy Reveals Ex-Help's Brutality, Woman's Fight To Save Life",https://www.ndtv.com/india-news/delhi-murder-autopsy-reveals-ex-helps-brutality-womans-fight-to-save-life-11400806,2026-04-24T02:38:40+00:00
NDTV,4,"Teen Killed Over Old Instagram Post In Ahmedabad, 3 Arrested",https://www.ndtv.com/india-news/gujarat-murder-do-what-you-can-ahmedabad-teen-dared-attackers-on-instagram-killed-11400769,2026-04-24T02:38:40+00:00
NDTV,5,"Delhi Civic Body Begins Mapping Delhi Homes Being Used As Shops, Offices",https://www.ndtv.com/india-news/delhi-civic-body-begins-mapping-delhi-homes-being-used-as-shops-offices-11400764,2026-04-24T02:38:40+00:00
NDTV,6,"'Enticement, Intimidation By Trinamool': Adhir Chowdhury On Women's Turnout",https://www.ndtv.com/india-news/enticement-intimidation-by-trinamool-adhir-chowdhury-on-womens-turnout-11400755,2026-04-24T02:38:40+00:00
NDTV,7,Assam HS Result 2026: AHSEC To Announce Class 12 Scores On April 28,https://www.ndtv.com/education/assam-hs-result-2026-live-ahsec-to-announce-class-12-scores-on-april-28-11400006,2026-04-24T02:38:40+00:00
NDTV,8,Students Pay Rs 300 To Use Phones For Cheating During Exam In Maharashtra,https://www.ndtv.com/education/students-pay-rs-300-to-use-mobile-phones-for-cheating-during-exam-in-maharashtra-11399981,2026-04-24T02:38:40+00:00
NDTV,9,"Nagaland Board Class 10, 12 Result 2026 OUT",https://www.ndtv.com/education/nagaland-board-results-2026-out-85-46-pass-class-12-hsslc-72-07-clear-class-10-hslc-exams-11399737,2026-04-24T02:38:40+00:00
NDTV,10,NCERT Publishes Free Digital Textbooks For Class 9 Students,https://www.ndtv.com/education/ganita-manjari-sharada-kaveri-exploration-ncert-publishes-free-digital-textbooks-for-class-9-students-11399567,2026-04-24T02:38:40+00:00
NDTV,11,"UP Board 12th Toppers: Nandani Gupta Secures Second Position, Scores 97.20%",https://www.ndtv.com/education/up-board-12th-toppers-2026-nandani-gupta-secures-second-position-scores-97-20-11399371,2026-04-24T02:38:40+00:00
NDTV,12,UP Board 10th Result 2026,https://www.ndtv.com/education/results/upmsp-up-board-10th-results,2026-04-24T02:38:40+00:00
NDTV,13,UP Board 12th Result 2026,https://www.ndtv.com/education/results/upmsp-up-board-12th-results,2026-04-24T02:38:40+00:00
NDTV,14,Assembly Elections 2026,https://www.ndtv.com/elections,2026-04-24T02:38:40+00:00
NDTV,15,Jharkhand 10th Result,https://www.ndtv.com/education/results/jac-jharkhand-board-10th-results,2026-04-24T02:38:40+00:00
NDTV,16,"""Uninformed, Inappropriate, In Poor Taste"": India After Trump 'Hell-Hole' Row",https://www.ndtv.com/world-news/uninformed-inappropriate-in-poor-taste-india-after-trump-hell-hole-row-11400181,2026-04-24T02:38:40+00:00
NDTV,17,"""Made A Mistake"": Ex-Help In Court On Killing IRS Officer's Daughter",https://www.ndtv.com/india-news/delhi-irs-daughter-rape-murder-case-committed-a-crime-ex-help-in-court-on-killing-irs-officers-daughter-11399548,2026-04-24T02:38:40+00:00
NDTV,18,"""Clock's Ticking"": Trump's New Ultimatum To Iran, Rules Out Nuke Strike",https://www.ndtv.com/world-news/iran-us-war-live-news-donald-trumps-new-ultimatum-to-iran-rules-out-nuclear-strike-clocks-ticking-11401382,2026-04-24T02:38:40+00:00
NDTV,19,"2 Giants, 20 Scientists: Mysterious Deaths, Disappearances Rattle US, China",https://www.ndtv.com/world-news/20-scientists-2-giants-mysterious-deaths-disappearances-rattle-us-china-11400824,2026-04-24T02:38:40+00:00
NDTV,20,"""We're Watching"": On Poll Day, Mahua Moitra Reveals Locations Of BJP Leaders",https://www.ndtv.com/india-news/were-watching-on-bengal-voting-day-mahua-moitra-reveals-locations-of-2-bjp-leaders-11399458,2026-04-24T02:38:40+00:00
NDTV,21,"Mojtaba Injured, A 'Board' Of Generals Helps Take The Calls In Iran",https://www.ndtv.com/world-news/mojtaba-khamenei-injured-a-board-of-generals-helps-take-the-calls-in-iran-11400822,2026-04-24T02:38:40+00:00
NDTV,22,"Fast Boats, Masks, Rifles: How Iran Guards Seized India-Bound Ship In Hormuz",https://www.ndtv.com/world-news/us-iran-war-live-video-iran-releases-footage-of-commandos-seizing-india-bound-ship-in-strait-of-hormuz-11398588,2026-04-24T02:38:40+00:00
NDTV,23,Remember Leja Leja Girl Nina Sarkar? She Is Now A CEO In Bengaluru,https://www.ndtv.com/entertainment/remember-leja-leja-girl-nina-sarkar-she-is-now-a-ceo-in-bengaluru-11398295,2026-04-24T02:38:40+00:00
NDTV,24,One Of India's Biggest Trade Projects Is On Brink Of Collapse. Thanks To Trump,https://www.ndtv.com/opinion/the-multibillion-dollar-asset-india-is-losing-thanks-to-trump-and-now-a-rail-network-11398264,2026-04-24T02:38:40+00:00
NDTV,25,"Highlights: Highest-Ever Voter Turnout In West Bengal, Tamil Nadu",https://www.ndtv.com/india-news/west-bengal-election-2026-phase-1-voting-live-updates-mamata-banerjee-tmc-tamil-nadu-election-2026-voting-live-updates-tamil-nadu-poll-bjp-dmk-aiadmk-11395961,2026-04-24T02:38:40+00:00
NDTV,26,Haq Director Reveals Yami Gautam Learnt Quran For Her Role,https://www.ndtv.com/entertainment/haq-director-reveals-yami-gautam-learnt-quran-for-her-role-we-spent-more-than-a-year-understanding-islamic-law-11400597,2026-04-24T02:38:40+00:00
NDTV,27,Highlights | Bengal Sees Highest-Ever Voter Turnout At 92.59%,https://www.ndtv.com/india-news/west-bengal-election-2026-phase-1-voting-live-updates-trinamool-tmc-bjp-fight-for-152-seats-pm-modi-mamata-banerjee-11395947,2026-04-24T02:38:40+00:00
NDTV,28,Spotlight On $17-Billion Trump-Class Warship After Pentagon Axes Navy Chief,https://www.ndtv.com/world-news/us-iran-war-news-us-navy-secretary-john-phelan-fired-pete-hegseth-pentagon-purge-17-billion-dollar-trump-class-battleship-golden-fleet-hormuz-blockade-11397672,2026-04-24T02:38:40+00:00
NDTV,29,"""China, India Or Some Other Hell-Hole..."": Trump Reposts Anti-India Rant",https://www.ndtv.com/world-news/china-india-or-some-other-hell-hole-trump-reposts-anti-india-rant-over-birthright-citizenship-11396765,2026-04-24T02:38:40+00:00
NDTV,30,"Strangled, Raped, Robbed: Hour-Long Horror Inside IRS Officer's Home",https://www.ndtv.com/india-news/irs-officer-daughter-murder-rape-east-of-kailash-delhi-rape-rahul-meena-ex-help-killed-irs-officers-daughter-tried-to-open-locker-with-her-finger-11397221,2026-04-24T02:38:40+00:00
NDTV,31,How This Pune-Based Doctor Lost 12 Kg In 3 Months Without Exercise,https://www.ndtv.com/lifestyle/how-this-pune-based-doctor-lost-12-kg-in-3-months-without-exercise-11398082,2026-04-24T02:38:40+00:00
NDTV,32,Meta To Layoff 10% Workforce Amid Heavy AI Investments: Report,https://www.ndtv.com/world-news/meta-to-layoff-10-workforce-amid-heavy-ai-investments-report-11400815,2026-04-24T02:38:40+00:00
NDTV,33,"Wife Refuses To Return Home, Man Sets In-Laws' House On Fire In Maharashtra",https://www.ndtv.com/india-news/wife-refuses-to-return-home-man-sets-in-laws-house-on-fire-in-maharashtra-11399067,2026-04-24T02:38:40+00:00
NDTV,34,Video: Iran Shows Off Its Ballistic Missile At Tehran Rally Amid US Ceasefire,https://www.ndtv.com/world-news/us-iran-news-iran-shows-off-its-ballistic-missile-at-tehran-rally-amid-us-ceasefire-video-11397707,2026-04-24T02:38:40+00:00
NDTV,35,"American Dream Fading? 40% Of Indian Americans Consider Leaving The US, Survey Reveals Top Reasons",https://www.ndtv.com/feature/american-dream-fading-40-of-indian-americans-consider-leaving-the-us-survey-reveals-top-reasons-11396699,2026-04-24T02:38:40+00:00
NDTV,36,Latest News Today,https://www.ndtv.com/latest,2026-04-24T02:38:40+00:00
NDTV,37,Education News India,https://www.ndtv.com/education,2026-04-24T02:38:40+00:00
NDTV,38,Latest Business News,https://www.ndtv.com/business-news,2026-04-24T02:38:40+00:00
NDTV,39,US-Israel-Iran War Ceasefire News Live Updates,https://www.ndtv.com/world-news/us-iran-war-news-live-updates-us-iran-ceasefire-islamabad-talks-starit-of-hormuz-blockade-donald-trump-mojtaba-khamenei-11396003,2026-04-24T02:38:40+00:00
